instance_id,context_dimension,original_labels,selected_label,selected_priority_rank,selected_configuration,selected_configuration_labels,selected_label_frequency,selected_configuration_trajectories,tie_within_selected_configuration,tied_labels,donor_trajectory_id,donor_source_file,donor_source_line
a-h__templ-1159,Affected_Component,PARSING_SERIALIZATION | RENDERING_FORMATTING_ERROR,RENDERING_FORMATTING_ERROR,1,SWE-agent + Qwen,PARSING_SERIALIZATION | RENDERING_FORMATTING_ERROR,1,2,True,PARSING_SERIALIZATION | RENDERING_FORMATTING_ERROR,fc924d88-a65f-4d11-b8dd-da22903a63ab,nvidia_all_merged.jsonl,3244
external-secrets__external-secrets-3500,Affected_Component,BUILD_PACKAGING_DEPENDENCIES | PARSING_SERIALIZATION,PARSING_SERIALIZATION,2,SWE-agent + MiniMax,PARSING_SERIALIZATION,1,1,False,PARSING_SERIALIZATION,abee8793-a009-48c7-b14d-ef54692267ce,nvidia_all_merged.jsonl,2186
fhir__sushi-262,Affected_Component,DATA_PROCESSING | FILESYSTEM_STORAGE,DATA_PROCESSING,1,SWE-agent + Qwen,DATA_PROCESSING,1,1,False,DATA_PROCESSING,c65dcd11-a5ce-4549-ae41-4a610b092447,nvidia_all_merged.jsonl,2800
fppt__jedis-mock-67,Affected_Component,API_SDK | CORE_BUSINESS_LOGIC,API_SDK,2,SWE-agent + MiniMax,API_SDK,1,1,False,API_SDK,0eb1e212-f2db-470f-addf-606aa80ad631,nvidia_all_merged.jsonl,2562
fuellabs__fuelup-410,Affected_Component,BUILD_PACKAGING_DEPENDENCIES | CLI,BUILD_PACKAGING_DEPENDENCIES,4,OpenHands + MiniMax,BUILD_PACKAGING_DEPENDENCIES | CLI,1,2,True,BUILD_PACKAGING_DEPENDENCIES | CLI,78309799-c8f4-4d31-8987-8256af274099,nvidia_all_merged.jsonl,811
gavv__httpexpect-194,Affected_Component,API_SDK | TESTING_INFRASTRUCTURE,API_SDK,4,OpenHands + MiniMax,API_SDK | TESTING_INFRASTRUCTURE,1,2,True,API_SDK | TESTING_INFRASTRUCTURE,ece9731f-56ae-4409-843c-99768efb5840,nvidia_all_merged.jsonl,757
getkin__kin-openapi-355,Affected_Component,API_SDK | PARSING_SERIALIZATION,PARSING_SERIALIZATION,1,SWE-agent + Qwen,PARSING_SERIALIZATION,1,1,False,PARSING_SERIALIZATION,ef9324ad-9521-4d83-bfe2-a3afbafe721c,nvidia_all_merged.jsonl,3147
getmoto__moto-7212,Affected_Component,API_SDK | AUTH_IDENTITY_PERMISSION,AUTH_IDENTITY_PERMISSION,1,SWE-agent + Qwen,AUTH_IDENTITY_PERMISSION,1,1,False,AUTH_IDENTITY_PERMISSION,c19b7b65-2ba6-42b0-8047-69f4766530aa,nvidia_all_merged.jsonl,2987
getmoto__moto-7968,Affected_Component,API_SDK | CORE_BUSINESS_LOGIC,API_SDK,1,SWE-agent + Qwen,API_SDK,1,1,False,API_SDK,6c70a1c2-50e4-46fc-a2eb-69585ca7b0aa,nvidia_all_merged.jsonl,3061
getsentry__sentry-rust-712,Affected_Component,API_SDK | CORE_BUSINESS_LOGIC,API_SDK,4,OpenHands + MiniMax,API_SDK | CORE_BUSINESS_LOGIC,1,2,True,API_SDK | CORE_BUSINESS_LOGIC,e2e7f667-5c47-4d2d-a28a-560876c63069,nvidia_all_merged.jsonl,827
go-kratos__kratos-3134,Affected_Component,CORE_BUSINESS_LOGIC | WEB_HTTP,CORE_BUSINESS_LOGIC,1,SWE-agent + Qwen,CORE_BUSINESS_LOGIC,1,1,False,CORE_BUSINESS_LOGIC,974d6e1b-26df-4899-927c-203516538548,nvidia_all_merged.jsonl,2872
google__go-github-1847,Affected_Component,API_SDK | PARSING_SERIALIZATION,API_SDK,1,SWE-agent + Qwen,API_SDK,1,1,False,API_SDK,ddf14fee-19f4-49cd-96c1-679ebf6c1180,nvidia_all_merged.jsonl,3019
google__turbinia-484,Affected_Component,CLI | CLOUD_DEVOPS,CLI,1,SWE-agent + Qwen,CLI,1,1,False,CLI,f7efa7cf-bdc0-41fc-b443-ee0568f8968d,nvidia_all_merged.jsonl,3067
googlefonts__fontations-999,Affected_Component,CORE_BUSINESS_LOGIC | PARSING_SERIALIZATION,PARSING_SERIALIZATION,4,OpenHands + MiniMax,CORE_BUSINESS_LOGIC | PARSING_SERIALIZATION,1,2,True,CORE_BUSINESS_LOGIC | PARSING_SERIALIZATION,369f90df-74d3-4087-8141-8273059debe6,nvidia_all_merged.jsonl,989
googlefonts__fontc-979,Affected_Component,CORE_BUSINESS_LOGIC | DATA_PROCESSING,CORE_BUSINESS_LOGIC,4,OpenHands + MiniMax,CORE_BUSINESS_LOGIC | DATA_PROCESSING,1,2,True,CORE_BUSINESS_LOGIC | DATA_PROCESSING,c03ab739-277e-4f01-b2b2-76ef6dfb2b30,nvidia_all_merged.jsonl,760
gotenberg__gotenberg-1015,Affected_Component,CONFIGURATION | CORE_BUSINESS_LOGIC,CORE_BUSINESS_LOGIC,2,SWE-agent + MiniMax,CORE_BUSINESS_LOGIC,1,1,False,CORE_BUSINESS_LOGIC,33174067-3dea-4d28-8a74-2974057f0ba0,nvidia_all_merged.jsonl,2686
gpbl__react-day-picker-715,Affected_Component,CONCURRENCY_ASYNC | RENDERING_UI,RENDERING_UI,1,SWE-agent + Qwen,RENDERING_UI,1,1,False,RENDERING_UI,90769654-02f1-4a55-9b0c-a00f5892a921,nvidia_all_merged.jsonl,3447
helm__helm-7217,Affected_Component,CLI | CLOUD_DEVOPS,CLOUD_DEVOPS,1,SWE-agent + Qwen,CLI | CLOUD_DEVOPS,1,2,True,CLI | CLOUD_DEVOPS,05756bba-6da8-4835-8434-ada1f87e8834,nvidia_all_merged.jsonl,3454
intuit__auto-1103,Affected_Component,CLI | DOCUMENTATION,CLI,1,SWE-agent + Qwen,CLI,1,1,False,CLI,8239cb3e-4b3c-4585-8ab8-e05ef5fb57b8,nvidia_all_merged.jsonl,3045
jedib0t__go-pretty-306,Affected_Component,CORE_BUSINESS_LOGIC | DATA_PROCESSING,CORE_BUSINESS_LOGIC,1,SWE-agent + Qwen,CORE_BUSINESS_LOGIC | DATA_PROCESSING,1,2,True,CORE_BUSINESS_LOGIC | DATA_PROCESSING,f132c9af-5795-4870-b2c0-c87d6b13e020,nvidia_all_merged.jsonl,3267
jenkins-x__lighthouse-1407,Affected_Component,CLOUD_DEVOPS | CORE_BUSINESS_LOGIC,CORE_BUSINESS_LOGIC,2,SWE-agent + MiniMax,CORE_BUSINESS_LOGIC,1,1,False,CORE_BUSINESS_LOGIC,cf6a1b34-497c-4f17-8ad2-c0c266a62270,nvidia_all_merged.jsonl,2490
jetstack__cert-manager-1681,Affected_Component,CORE_BUSINESS_LOGIC | DATA_PROCESSING,DATA_PROCESSING,2,SWE-agent + MiniMax,DATA_PROCESSING,1,1,False,DATA_PROCESSING,6616beff-19c7-4585-9b1c-5ef032e0bf22,nvidia_all_merged.jsonl,1992
jhipster__generator-jhipster-11631,Affected_Component,CONFIGURATION | PARSING_SERIALIZATION,CONFIGURATION,4,OpenHands + MiniMax,CONFIGURATION | PARSING_SERIALIZATION,1,2,True,CONFIGURATION | PARSING_SERIALIZATION,11e9de23-f5bb-4e8c-8720-c00894751204,nvidia_all_merged.jsonl,765
jorgecarleitao__arrow2-1448,Affected_Component,API_SDK | DATA_PROCESSING,DATA_PROCESSING,1,SWE-agent + Qwen,DATA_PROCESSING,2,2,False,DATA_PROCESSING,e1f85a93-10fe-4640-8d2d-358dbe5b6fe7,nvidia_all_merged.jsonl,3419
joshuakgoldberg__bingo-270,Affected_Component,API_SDK | CORE_BUSINESS_LOGIC,API_SDK,2,SWE-agent + MiniMax,API_SDK,1,1,False,API_SDK,754f0858-604f-4b67-9409-6e64a139c37f,nvidia_all_merged.jsonl,2362
joshuakgoldberg__create-typescript-app-1986,Affected_Component,CONFIGURATION | TESTING_INFRASTRUCTURE,CONFIGURATION,1,SWE-agent + Qwen,CONFIGURATION,1,1,False,CONFIGURATION,5f2e5f30-d2a5-450a-9217-801a55771706,nvidia_all_merged.jsonl,3320
joshuakgoldberg__tslint-to-eslint-config-70,Affected_Component,CONFIGURATION | PARSING_SERIALIZATION,PARSING_SERIALIZATION,2,SWE-agent + MiniMax,PARSING_SERIALIZATION,1,1,False,PARSING_SERIALIZATION,cb36687f-a20b-45de-b79d-05270049eda5,nvidia_all_merged.jsonl,2340
jsonmapper__jsonmapper-122,Affected_Component,API_SDK | PARSING_SERIALIZATION,API_SDK,1,SWE-agent + Qwen,API_SDK,1,1,False,API_SDK,c002f8eb-5e6c-4e43-9e70-a461635a67fd,nvidia_all_merged.jsonl,3088
kayak__pypika-306,Affected_Component,API_SDK | DATABASE_SQL,API_SDK,1,SWE-agent + Qwen,API_SDK | DATABASE_SQL,1,2,True,API_SDK | DATABASE_SQL,96d868ab-bbea-4d1e-ae3c-3dfeba44f90c,nvidia_all_merged.jsonl,3308
keras-team__keras-19829,Affected_Component,CORE_BUSINESS_LOGIC | DATA_PROCESSING,CORE_BUSINESS_LOGIC,1,SWE-agent + Qwen,CORE_BUSINESS_LOGIC,1,1,False,CORE_BUSINESS_LOGIC,606eee5f-39cc-4201-b46a-0f8a82ea2f3d,nvidia_all_merged.jsonl,3344
keras-team__keras-nlp-64,Affected_Component,API_SDK | DATA_PROCESSING,DATA_PROCESSING,2,SWE-agent + MiniMax,API_SDK | DATA_PROCESSING,1,2,True,API_SDK | DATA_PROCESSING,6a8cb770-3f47-47fc-8e35-5879b849beea,nvidia_all_merged.jsonl,2695
kestra-io__kestra-2968,Affected_Component,CORE_BUSINESS_LOGIC | RENDERING_UI,RENDERING_UI,1,SWE-agent + Qwen,RENDERING_UI,1,1,False,RENDERING_UI,e896c8c7-0a1e-4298-b0ce-5ef96cbb89bf,nvidia_all_merged.jsonl,3166
kestra-io__kestra-3565,Affected_Component,CORE_BUSINESS_LOGIC | RENDERING_UI,CORE_BUSINESS_LOGIC,2,SWE-agent + MiniMax,CORE_BUSINESS_LOGIC | RENDERING_UI,1,2,True,CORE_BUSINESS_LOGIC | RENDERING_UI,bfdc1c8a-674e-42ce-b383-77482ce11fe1,nvidia_all_merged.jsonl,2613
kestra-io__kestra-7366,Affected_Component,CORE_BUSINESS_LOGIC | DISTRIBUTED_SYSTEM,DISTRIBUTED_SYSTEM,1,SWE-agent + Qwen,CORE_BUSINESS_LOGIC | DISTRIBUTED_SYSTEM,1,2,True,CORE_BUSINESS_LOGIC | DISTRIBUTED_SYSTEM,2dd38b72-5c6f-4e5a-a3ff-1479cd6e2317,nvidia_all_merged.jsonl,3365
knative-sandbox__eventing-kafka-broker-2971,Affected_Component,CONFIGURATION | WEB_HTTP,WEB_HTTP,4,OpenHands + MiniMax,CONFIGURATION | WEB_HTTP,1,2,True,CONFIGURATION | WEB_HTTP,96f2a1fe-6e35-43f3-bb1b-04094f6adda8,nvidia_all_merged.jsonl,758
knative__client-1333,Affected_Component,API_SDK | DISTRIBUTED_SYSTEM,DISTRIBUTED_SYSTEM,2,SWE-agent + MiniMax,API_SDK | DISTRIBUTED_SYSTEM,1,2,True,API_SDK | DISTRIBUTED_SYSTEM,0f02167e-5263-4593-be00-3e9cae14c14b,nvidia_all_merged.jsonl,2233
knuckleswtf__scribe-826,Affected_Component,CORE_BUSINESS_LOGIC | PARSING_SERIALIZATION,PARSING_SERIALIZATION,1,SWE-agent + Qwen,PARSING_SERIALIZATION,1,1,False,PARSING_SERIALIZATION,f7b39efb-d818-47fb-8d6f-39bf482f5f59,nvidia_all_merged.jsonl,2929
kubernetes-incubator__client-python-50,Affected_Component,API_SDK | CONFIGURATION,CONFIGURATION,1,SWE-agent + Qwen,CONFIGURATION,1,1,False,CONFIGURATION,906cbdbd-42f4-42a2-b099-d7ae9c619246,nvidia_all_merged.jsonl,2831
kubernetes-sigs__aws-alb-ingress-controller-1172,Affected_Component,CLOUD_DEVOPS | DISTRIBUTED_SYSTEM,CLOUD_DEVOPS,2,SWE-agent + MiniMax,CLOUD_DEVOPS | DISTRIBUTED_SYSTEM,1,2,True,CLOUD_DEVOPS | DISTRIBUTED_SYSTEM,fc8d1d30-76a1-41bc-a33f-3e95edc2f994,nvidia_all_merged.jsonl,2603
kubernetes-sigs__krew-695,Affected_Component,API_SDK | FILESYSTEM_STORAGE,API_SDK,4,OpenHands + MiniMax,API_SDK | FILESYSTEM_STORAGE,1,2,True,API_SDK | FILESYSTEM_STORAGE,d4e5706f-877d-4984-9ae4-93a9d29c0b01,nvidia_all_merged.jsonl,886
lingui__js-lingui-1059,Affected_Component,LANGUAGE_RUNTIME | RENDERING_UI,LANGUAGE_RUNTIME,3,OpenHands + Qwen,LANGUAGE_RUNTIME,1,1,False,LANGUAGE_RUNTIME,228e623b-9698-4e4a-aa90-315084cc342c,nvidia_all_merged.jsonl,1125
maizzle__framework-765,Affected_Component,DATA_PROCESSING | PARSING_SERIALIZATION,DATA_PROCESSING,1,SWE-agent + Qwen,DATA_PROCESSING,1,1,False,DATA_PROCESSING,8f3b46c8-4dad-4c15-88e3-232270a23ee9,nvidia_all_merged.jsonl,2933
marpple__fxts-117,Affected_Component,API_SDK | DATA_PROCESSING,DATA_PROCESSING,1,SWE-agent + Qwen,DATA_PROCESSING,1,1,False,DATA_PROCESSING,7cc5a026-a87a-46f5-8e88-8cf0b20abb2f,nvidia_all_merged.jsonl,3260
marpple__fxts-169,Affected_Component,API_SDK | CORE_BUSINESS_LOGIC,API_SDK,2,SWE-agent + MiniMax,API_SDK | CORE_BUSINESS_LOGIC,1,2,True,API_SDK | CORE_BUSINESS_LOGIC,a010d8cd-86f3-4d98-9f12-0f0dc9fa3855,nvidia_all_merged.jsonl,2525
marpple__fxts-54,Affected_Component,API_SDK | CORE_BUSINESS_LOGIC,API_SDK,2,SWE-agent + MiniMax,API_SDK | CORE_BUSINESS_LOGIC,1,2,True,API_SDK | CORE_BUSINESS_LOGIC,0d5280d0-ce2f-4489-ab49-541ba65789ca,nvidia_all_merged.jsonl,2553
matchms__matchms-543,Affected_Component,API_SDK | DATA_PROCESSING | FILESYSTEM_STORAGE,API_SDK,2,SWE-agent + MiniMax,API_SDK | DATA_PROCESSING,2,3,False,API_SDK,7dde9ec6-1c35-4a67-b0e1-e85306fdf82a,nvidia_all_merged.jsonl,2399
mcollina__fastify-gql-140,Affected_Component,API_SDK | NETWORK_PROTOCOL,NETWORK_PROTOCOL,4,OpenHands + MiniMax,API_SDK | NETWORK_PROTOCOL,1,2,True,API_SDK | NETWORK_PROTOCOL,071c32e5-2bc8-40b6-bfe9-457923405596,nvidia_all_merged.jsonl,1031
mie-lab__trackintel-252,Affected_Component,API_SDK | DATA_PROCESSING,API_SDK,1,SWE-agent + Qwen,API_SDK | DATA_PROCESSING,1,2,True,API_SDK | DATA_PROCESSING,a6364ffa-fc05-464c-ad5e-dfeb03097fa7,nvidia_all_merged.jsonl,3005
mozilla__nunjucks-1301,Affected_Component,LANGUAGE_RUNTIME | PARSING_SERIALIZATION,PARSING_SERIALIZATION,1,SWE-agent + Qwen,PARSING_SERIALIZATION,1,1,False,PARSING_SERIALIZATION,82cb62c8-e955-489e-8205-1173ed93838e,nvidia_all_merged.jsonl,3429
mpmath__mpmath-819,Affected_Component,LANGUAGE_RUNTIME | RENDERING_UI,LANGUAGE_RUNTIME,1,SWE-agent + Qwen,LANGUAGE_RUNTIME,1,1,False,LANGUAGE_RUNTIME,2ac33e26-bb2b-4397-afa6-79de6ebd509a,nvidia_all_merged.jsonl,3438
mpmath__mpmath-903,Affected_Component,CORE_BUSINESS_LOGIC | LANGUAGE_RUNTIME,CORE_BUSINESS_LOGIC,1,SWE-agent + Qwen,CORE_BUSINESS_LOGIC,2,2,False,CORE_BUSINESS_LOGIC,25cfde7d-000d-4652-b308-92f76ebcd62c,nvidia_all_merged.jsonl,3377
netapp__harvest-1326,Affected_Component,DATA_PROCESSING | PARSING_SERIALIZATION,PARSING_SERIALIZATION,4,OpenHands + MiniMax,DATA_PROCESSING | PARSING_SERIALIZATION,1,2,True,DATA_PROCESSING | PARSING_SERIALIZATION,0d4aec0a-dffe-478f-a85a-ba0ce06a290f,nvidia_all_merged.jsonl,848
nginx__nginx-gateway-fabric-3390,Affected_Component,API_SDK | DISTRIBUTED_SYSTEM,DISTRIBUTED_SYSTEM,1,SWE-agent + Qwen,DISTRIBUTED_SYSTEM,1,1,False,DISTRIBUTED_SYSTEM,7c3b3422-79dd-4b02-bc26-abd1754fe80e,nvidia_all_merged.jsonl,3155
niconoe__pyinaturalist-86,Affected_Component,API_SDK | PARSING_SERIALIZATION,API_SDK,1,SWE-agent + Qwen,API_SDK,1,1,False,API_SDK,316e6222-2a25-4893-8267-942fcccdbbca,nvidia_all_merged.jsonl,2822
nightwatchjs__nightwatch-3335,Affected_Component,API_SDK | CONFIGURATION,API_SDK,1,SWE-agent + Qwen,API_SDK,1,1,False,API_SDK,4bbfc47e-c477-40d6-8dc4-29870e6b7e74,nvidia_all_merged.jsonl,3424
obsidian-tasks-group__obsidian-tasks-1592,Affected_Component,BUILD_PACKAGING_DEPENDENCIES | CORE_BUSINESS_LOGIC,BUILD_PACKAGING_DEPENDENCIES,3,OpenHands + Qwen,BUILD_PACKAGING_DEPENDENCIES,1,1,False,BUILD_PACKAGING_DEPENDENCIES,750cf3f7-ae41-4431-9759-0af3397449ba,nvidia_all_merged.jsonl,1261
obsidian-tasks-group__obsidian-tasks-1734,Affected_Component,CORE_BUSINESS_LOGIC | PARSING_SERIALIZATION,CORE_BUSINESS_LOGIC,1,SWE-agent + Qwen,CORE_BUSINESS_LOGIC,1,1,False,CORE_BUSINESS_LOGIC,44c1e12d-932c-49de-96fa-e1a455ada531,nvidia_all_merged.jsonl,2886
oliverschwendener__ueli-1159,Affected_Component,API_SDK | CORE_BUSINESS_LOGIC,CORE_BUSINESS_LOGIC,2,SWE-agent + MiniMax,CORE_BUSINESS_LOGIC,1,1,False,CORE_BUSINESS_LOGIC,95b6c688-c682-4282-aed0-a23295077b8a,nvidia_all_merged.jsonl,2688
oliverschwendener__ueli-1331,Affected_Component,CONFIGURATION | FILESYSTEM_STORAGE,FILESYSTEM_STORAGE,2,SWE-agent + MiniMax,FILESYSTEM_STORAGE,1,1,False,FILESYSTEM_STORAGE,088fc8ea-6335-467c-a59f-04ca650d7a83,nvidia_all_merged.jsonl,2371
omni-us__jsonargparse-530,Affected_Component,CLI | PARSING_SERIALIZATION,PARSING_SERIALIZATION,2,SWE-agent + MiniMax,CLI | PARSING_SERIALIZATION,1,2,True,CLI | PARSING_SERIALIZATION,43fdd3b6-2832-435f-9fcd-d7ce1a6dc649,nvidia_all_merged.jsonl,2377
onflow__flow-cli-319,Affected_Component,API_SDK | CLI,CLI,1,SWE-agent + Qwen,CLI,1,1,False,CLI,762a8dde-a7a7-4c15-9a55-d2c1f0e9f53f,nvidia_all_merged.jsonl,3046
orhun__git-cliff-369,Affected_Component,API_SDK | PARSING_SERIALIZATION | RENDERING_UI,RENDERING_UI,2,SWE-agent + MiniMax,API_SDK | RENDERING_UI,1,2,True,API_SDK | RENDERING_UI,4ebcbb21-8603-43ab-a549-c4ac5ade3cc5,nvidia_all_merged.jsonl,2391
osbuild__osbuild-composer-197,Affected_Component,CLOUD_DEVOPS | WEB_HTTP,CLOUD_DEVOPS,1,SWE-agent + Qwen,CLOUD_DEVOPS,1,1,False,CLOUD_DEVOPS,7f3b74b4-7502-4c2a-88f2-eb48a697d86a,nvidia_all_merged.jsonl,2849
osbuild__osbuild-composer-709,Affected_Component,CLOUD_DEVOPS | WEB_HTTP,WEB_HTTP,2,SWE-agent + MiniMax,WEB_HTTP,1,1,False,WEB_HTTP,40759642-54b6-4998-ae4b-90c34ea5fa32,nvidia_all_merged.jsonl,2257
palantir__policy-bot-302,Affected_Component,CORE_BUSINESS_LOGIC | PARSING_SERIALIZATION,PARSING_SERIALIZATION,2,SWE-agent + MiniMax,PARSING_SERIALIZATION,1,1,False,PARSING_SERIALIZATION,535d467d-2383-4fc1-a1e1-48148ec2007b,nvidia_all_merged.jsonl,2556
pandas-dev__pandas-50647,Affected_Component,API_SDK | DATA_PROCESSING,DATA_PROCESSING,2,SWE-agent + MiniMax,API_SDK | DATA_PROCESSING,1,2,True,API_SDK | DATA_PROCESSING,a4d57737-d8bd-49e4-943a-2da2f3852c9c,nvidia_all_merged.jsonl,2475
pandas-dev__pandas-58245,Affected_Component,DATA_PROCESSING | PARSING_SERIALIZATION,PARSING_SERIALIZATION,1,SWE-agent + Qwen,PARSING_SERIALIZATION,2,2,False,PARSING_SERIALIZATION,9101285e-98df-4679-8201-0d071611ac4b,nvidia_all_merged.jsonl,3048
pandas-dev__pandas-60359,Affected_Component,CLOUD_DEVOPS | PARSING_SERIALIZATION,CLOUD_DEVOPS,2,SWE-agent + MiniMax,CLOUD_DEVOPS,1,1,False,CLOUD_DEVOPS,44385934-ab6e-40f3-a4b7-c5a9d8cfb51f,nvidia_all_merged.jsonl,2700
pandas-dev__pandas-61577,Affected_Component,DATA_PROCESSING | TESTING_INFRASTRUCTURE,DATA_PROCESSING,4,OpenHands + MiniMax,DATA_PROCESSING | TESTING_INFRASTRUCTURE,1,2,True,DATA_PROCESSING | TESTING_INFRASTRUCTURE,62bf6afb-2966-4c67-be50-da7ab89c2378,nvidia_all_merged.jsonl,1030
paritytech__ink-2100,Affected_Component,API_SDK | LANGUAGE_RUNTIME,LANGUAGE_RUNTIME,1,SWE-agent + Qwen,LANGUAGE_RUNTIME,1,1,False,LANGUAGE_RUNTIME,852f9eb5-bf3f-4720-8c0a-81968bf10f00,nvidia_all_merged.jsonl,3009
paritytech__parity-common-667,Affected_Component,BUILD_PACKAGING_DEPENDENCIES | LANGUAGE_RUNTIME,BUILD_PACKAGING_DEPENDENCIES,1,SWE-agent + Qwen,BUILD_PACKAGING_DEPENDENCIES,1,1,False,BUILD_PACKAGING_DEPENDENCIES,e3720444-23ec-40ec-bf5b-23ace9aebfc9,nvidia_all_merged.jsonl,3390
pbiswas101__mathball-154,Affected_Component,API_SDK | CORE_BUSINESS_LOGIC,CORE_BUSINESS_LOGIC,1,SWE-agent + Qwen,CORE_BUSINESS_LOGIC,1,1,False,CORE_BUSINESS_LOGIC,8655e601-5760-43b9-9bc5-24eb0fea83bd,nvidia_all_merged.jsonl,2785
pennylaneai__pennylane-4827,Affected_Component,CORE_BUSINESS_LOGIC | DATA_PROCESSING,CORE_BUSINESS_LOGIC,3,OpenHands + Qwen,CORE_BUSINESS_LOGIC,1,1,False,CORE_BUSINESS_LOGIC,cbb5547d-e90c-45aa-ac20-78dc73cc934d,nvidia_all_merged.jsonl,1088
phpactor__phpactor-2273,Affected_Component,API_SDK | CONFIGURATION | CORE_BUSINESS_LOGIC,API_SDK,2,SWE-agent + MiniMax,API_SDK,1,1,False,API_SDK,8d464145-ca75-4612-89df-472e3afe4f74,nvidia_all_merged.jsonl,2668
pingcap__tidb-tools-847,Affected_Component,API_SDK | DATABASE_SQL,API_SDK,4,OpenHands + MiniMax,API_SDK | DATABASE_SQL,1,2,True,API_SDK | DATABASE_SQL,bb8b65cf-dcd2-4595-82b4-65c930e4a188,nvidia_all_merged.jsonl,1053
platers__obsidian-linter-203,Affected_Component,DATA_PROCESSING | PARSING_SERIALIZATION,DATA_PROCESSING,1,SWE-agent + Qwen,DATA_PROCESSING,1,1,False,DATA_PROCESSING,c1e38ce8-a2f3-46e0-a3b1-58e9c5e5d882,nvidia_all_merged.jsonl,2808
pmndrs__valtio-177,Affected_Component,API_SDK | CORE_BUSINESS_LOGIC,API_SDK,1,SWE-agent + Qwen,API_SDK,1,1,False,API_SDK,bf13eb13-5ce3-40ff-a3ef-97c309902630,nvidia_all_merged.jsonl,2940
prettier__prettier-eslint-696,Affected_Component,API_SDK | BUILD_PACKAGING_DEPENDENCIES,API_SDK,1,SWE-agent + Qwen,API_SDK,1,1,False,API_SDK,edc011e1-e283-4319-8f91-8798e2edf624,nvidia_all_merged.jsonl,3016
project-copacetic__copacetic-1141,Affected_Component,CLOUD_DEVOPS | CORE_BUSINESS_LOGIC,CORE_BUSINESS_LOGIC,1,SWE-agent + Qwen,CORE_BUSINESS_LOGIC,1,1,False,CORE_BUSINESS_LOGIC,fa0c5ee4-f40d-43af-b71a-127e5317266d,nvidia_all_merged.jsonl,3203
projectevergreen__wcc-184,Affected_Component,PARSING_SERIALIZATION | RENDERING_UI,RENDERING_UI,2,SWE-agent + MiniMax,RENDERING_UI,1,1,False,RENDERING_UI,dd1a815b-0c2a-49fd-8d48-5798bb71f033,nvidia_all_merged.jsonl,2189
pulumi__pulumi-cdk-221,Affected_Component,API_SDK | CLOUD_DEVOPS,CLOUD_DEVOPS,1,SWE-agent + Qwen,CLOUD_DEVOPS,1,1,False,CLOUD_DEVOPS,9adce497-790d-433e-afcd-3a1fcf9bca6a,nvidia_all_merged.jsonl,3184
pvlib__pvlib-python-2341,Affected_Component,API_SDK | CORE_BUSINESS_LOGIC,API_SDK,1,SWE-agent + Qwen,API_SDK,1,1,False,API_SDK,e37e4a70-9946-419e-a29f-2f1fe0a49880,nvidia_all_merged.jsonl,2803
py-cov-action__python-coverage-comment-action-323,Affected_Component,CLOUD_DEVOPS | DATA_PROCESSING,DATA_PROCESSING,2,SWE-agent + MiniMax,CLOUD_DEVOPS | DATA_PROCESSING,1,2,True,CLOUD_DEVOPS | DATA_PROCESSING,1a3be338-add3-4397-9d62-6bd4526dc7b0,nvidia_all_merged.jsonl,2383
pybamm-team__pybamm-4650,Affected_Component,API_SDK | DATA_PROCESSING,API_SDK,2,SWE-agent + MiniMax,API_SDK | DATA_PROCESSING,1,2,True,API_SDK | DATA_PROCESSING,019b78d9-195c-48d0-960c-9b601a999036,nvidia_all_merged.jsonl,2147
pyccel__pyccel-2004,Affected_Component,LANGUAGE_RUNTIME | PARSING_SERIALIZATION,PARSING_SERIALIZATION,3,OpenHands + Qwen,PARSING_SERIALIZATION,1,1,False,PARSING_SERIALIZATION,014e74dd-af26-48af-a260-a4b3e8dae6c7,nvidia_all_merged.jsonl,1126
pyro-ppl__numpyro-1825,Affected_Component,CONCURRENCY_ASYNC | CORE_BUSINESS_LOGIC,CORE_BUSINESS_LOGIC,3,OpenHands + Qwen,CORE_BUSINESS_LOGIC,1,1,False,CORE_BUSINESS_LOGIC,15957e11-d9ed-4131-969a-f81cba20bd23,nvidia_all_merged.jsonl,1768
pyvrp__pyvrp-280,Affected_Component,API_SDK | CONFIGURATION,API_SDK,2,SWE-agent + MiniMax,API_SDK | CONFIGURATION,2,3,False,API_SDK,c22360b4-2fea-483e-8b5b-1a063445ab22,nvidia_all_merged.jsonl,2607
qiskit-community__ffsim-88,Affected_Component,API_SDK | CORE_BUSINESS_LOGIC,API_SDK,1,SWE-agent + Qwen,API_SDK,1,1,False,API_SDK,013a799a-9e1a-4f72-a423-32fe878bee59,nvidia_all_merged.jsonl,3331
quora__pyanalyze-688,Affected_Component,API_SDK | LANGUAGE_RUNTIME,LANGUAGE_RUNTIME,2,SWE-agent + MiniMax,API_SDK | LANGUAGE_RUNTIME,1,2,True,API_SDK | LANGUAGE_RUNTIME,d9b910a2-72b9-4525-a2c8-8daacc447688,nvidia_all_merged.jsonl,2583
reduxjs__redux-toolkit-943,Affected_Component,API_SDK | CORE_BUSINESS_LOGIC,CORE_BUSINESS_LOGIC,2,SWE-agent + MiniMax,API_SDK | CORE_BUSINESS_LOGIC,2,3,False,CORE_BUSINESS_LOGIC,c70eb74a-226f-4a2c-b477-89d51f42b239,nvidia_all_merged.jsonl,2708
remotemobprogramming__mob-421,Affected_Component,CLI | CONFIGURATION,CLI,1,SWE-agent + Qwen,CLI | CONFIGURATION,1,2,True,CLI | CONFIGURATION,ff3410ec-311b-4df4-a3c7-c41bd7b6593b,nvidia_all_merged.jsonl,3071
remy__nodemon-1167,Affected_Component,CLI | CONCURRENCY_ASYNC | CORE_BUSINESS_LOGIC,CLI,4,OpenHands + MiniMax,CLI | CONCURRENCY_ASYNC | CORE_BUSINESS_LOGIC,1,3,True,CLI | CONCURRENCY_ASYNC | CORE_BUSINESS_LOGIC,fc9e8ff9-56f8-4d0a-9471-11803355d964,nvidia_all_merged.jsonl,672
retroachievements__raintegration-1008,Affected_Component,CORE_BUSINESS_LOGIC | FILESYSTEM_STORAGE,CORE_BUSINESS_LOGIC,1,SWE-agent + Qwen,CORE_BUSINESS_LOGIC,1,1,False,CORE_BUSINESS_LOGIC,473d2fd2-e07b-41a2-8847-789c81e3be2b,nvidia_all_merged.jsonl,3201
retroachievements__raintegration-1010,Affected_Component,CORE_BUSINESS_LOGIC | RENDERING_UI,CORE_BUSINESS_LOGIC,1,SWE-agent + Qwen,CORE_BUSINESS_LOGIC,1,1,False,CORE_BUSINESS_LOGIC,eae61d78-5b26-41d0-a1a3-8087294056fd,nvidia_all_merged.jsonl,3265
rezact__rezact-65,Affected_Component,CORE_BUSINESS_LOGIC | RENDERING_UI,CORE_BUSINESS_LOGIC,1,SWE-agent + Qwen,CORE_BUSINESS_LOGIC,1,1,False,CORE_BUSINESS_LOGIC,6eb14121-499b-4ba4-bcf6-c74578b23471,nvidia_all_merged.jsonl,3101
roskakori__pygount-43,Affected_Component,API_SDK | CLI,CLI,1,SWE-agent + Qwen,CLI,1,1,False,CLI,dcddc941-245b-41a7-b2b1-c0ab33649eb7,nvidia_all_merged.jsonl,3240
rsteube__carapace-683,Affected_Component,API_SDK | CLI,CLI,1,SWE-agent + Qwen,CLI,1,1,False,CLI,bd7d7d03-cdd2-489f-8ecb-966b76da18fb,nvidia_all_merged.jsonl,3095
rust-lang__rust-analyzer-14863,Affected_Component,CORE_BUSINESS_LOGIC | PARSING_SERIALIZATION,PARSING_SERIALIZATION,3,OpenHands + Qwen,CORE_BUSINESS_LOGIC | PARSING_SERIALIZATION,1,2,True,CORE_BUSINESS_LOGIC | PARSING_SERIALIZATION,f867096f-bdc9-40d2-95b2-b76f3fddf24e,nvidia_all_merged.jsonl,1654
rust-lang__rust-analyzer-14878,Affected_Component,LANGUAGE_RUNTIME | PARSING_SERIALIZATION,PARSING_SERIALIZATION,3,OpenHands + Qwen,PARSING_SERIALIZATION,1,1,False,PARSING_SERIALIZATION,a1d0361e-8c42-4c57-968b-e41b2ff50fa7,nvidia_all_merged.jsonl,1727
rust-lang__rust-analyzer-17985,Affected_Component,LANGUAGE_RUNTIME | PARSING_SERIALIZATION,PARSING_SERIALIZATION,2,SWE-agent + MiniMax,PARSING_SERIALIZATION,1,1,False,PARSING_SERIALIZATION,b3184add-2c14-455f-8187-0a8bdf45a40e,nvidia_all_merged.jsonl,2310
rwjblue__ember-template-lint-134,Affected_Component,CONFIGURATION | PARSING_SERIALIZATION,CONFIGURATION,2,SWE-agent + MiniMax,CONFIGURATION,1,1,False,CONFIGURATION,de40defc-fcf7-41e6-80f3-ec2781af9650,nvidia_all_merged.jsonl,1877
ryanluker__vscode-coverage-gutters-482,Affected_Component,CONCURRENCY_ASYNC | RENDERING_UI,CONCURRENCY_ASYNC,1,SWE-agent + Qwen,CONCURRENCY_ASYNC,1,1,False,CONCURRENCY_ASYNC,2dddcdc8-5eb5-47d4-8849-afc854585d92,nvidia_all_merged.jsonl,3364
salsa-rs__salsa-105,Affected_Component,CACHE | CONCURRENCY_ASYNC,CONCURRENCY_ASYNC,2,SWE-agent + MiniMax,CONCURRENCY_ASYNC,1,1,False,CONCURRENCY_ASYNC,04c52bd4-86c7-46b4-a722-4346f323226a,nvidia_all_merged.jsonl,1902
salsa-rs__salsa-362,Affected_Component,API_SDK | LANGUAGE_RUNTIME,API_SDK,2,SWE-agent + MiniMax,API_SDK,2,2,False,API_SDK,612ca83d-509a-4863-82b7-7e5d94fbf0da,nvidia_all_merged.jsonl,2574
scimmyjs__scimmy-48,Affected_Component,API_SDK | AUTH_IDENTITY_PERMISSION,AUTH_IDENTITY_PERMISSION,2,SWE-agent + MiniMax,API_SDK | AUTH_IDENTITY_PERMISSION,1,2,True,API_SDK | AUTH_IDENTITY_PERMISSION,09d3d6e1-ece6-4194-9376-f0a831c7e373,nvidia_all_merged.jsonl,2271
scimmyjs__scimmy-49,Affected_Component,API_SDK | PARSING_SERIALIZATION,PARSING_SERIALIZATION,1,SWE-agent + Qwen,PARSING_SERIALIZATION,1,1,False,PARSING_SERIALIZATION,7730b500-d4e6-47a7-a06a-61c9446213e3,nvidia_all_merged.jsonl,3158
score-spec__score-compose-273,Affected_Component,CLI | CONFIGURATION,CONFIGURATION,1,SWE-agent + Qwen,CONFIGURATION,1,1,False,CONFIGURATION,ed68b9c0-9bfb-4687-8b99-3f8472e35f5a,nvidia_all_merged.jsonl,2913
shapesecurity__salvation-192,Affected_Component,CORE_BUSINESS_LOGIC | PARSING_SERIALIZATION,CORE_BUSINESS_LOGIC,3,OpenHands + Qwen,CORE_BUSINESS_LOGIC,1,1,False,CORE_BUSINESS_LOGIC,29d717a9-655e-4bc5-a44e-268dabccb73b,nvidia_all_merged.jsonl,1627
sharkdp__numbat-232,Affected_Component,CORE_BUSINESS_LOGIC | LANGUAGE_RUNTIME,LANGUAGE_RUNTIME,2,SWE-agent + MiniMax,CORE_BUSINESS_LOGIC | LANGUAGE_RUNTIME,1,2,True,CORE_BUSINESS_LOGIC | LANGUAGE_RUNTIME,6dd6a6ec-8f5a-494f-98ba-89f9abf175dd,nvidia_all_merged.jsonl,2662
shlinkio__shlink-1366,Affected_Component,API_SDK | WEB_HTTP,API_SDK,4,OpenHands + MiniMax,API_SDK | WEB_HTTP,1,2,True,API_SDK | WEB_HTTP,760cee85-443b-415e-b5de-a47f729dbe37,nvidia_all_merged.jsonl,253
shlinkio__shlink-web-client-346,Affected_Component,API_SDK | RENDERING_UI,API_SDK,3,OpenHands + Qwen,API_SDK,1,1,False,API_SDK,bd9b6105-80ff-4771-8147-1778a8dc925c,nvidia_all_merged.jsonl,1123
shopware__frontends-1094,Affected_Component,CORE_BUSINESS_LOGIC | RENDERING_UI,RENDERING_UI,4,OpenHands + MiniMax,CORE_BUSINESS_LOGIC | RENDERING_UI,2,3,False,RENDERING_UI,4fe642c4-047b-4279-8849-aaffdadc7d6e,nvidia_all_merged.jsonl,988
silx-kit__silx-4090,Affected_Component,API_SDK | FILESYSTEM_STORAGE,API_SDK,2,SWE-agent + MiniMax,API_SDK | FILESYSTEM_STORAGE,1,2,True,API_SDK | FILESYSTEM_STORAGE,51c5091f-74fd-43bf-82bb-ee0fbd5ae9fc,nvidia_all_merged.jsonl,2219
sindresorhus__execa-604,Affected_Component,API_SDK | CONCURRENCY_ASYNC,CONCURRENCY_ASYNC,1,SWE-agent + Qwen,CONCURRENCY_ASYNC,1,1,False,CONCURRENCY_ASYNC,e16de160-8581-4786-9781-963241570b90,nvidia_all_merged.jsonl,3096
sindresorhus__is-97,Affected_Component,API_SDK | LANGUAGE_RUNTIME,API_SDK,1,SWE-agent + Qwen,API_SDK | LANGUAGE_RUNTIME,1,2,True,API_SDK | LANGUAGE_RUNTIME,6ff852be-6343-4375-875b-0be1882c2694,nvidia_all_merged.jsonl,3369
smithy-lang__smithy-1955,Affected_Component,CLI | CORE_BUSINESS_LOGIC,CORE_BUSINESS_LOGIC,1,SWE-agent + Qwen,CORE_BUSINESS_LOGIC,1,1,False,CORE_BUSINESS_LOGIC,81894536-55c7-4d58-835d-1529d24a8453,nvidia_all_merged.jsonl,2900
solid__community-server-330,Affected_Component,API_SDK | AUTH_IDENTITY_PERMISSION | CONCURRENCY_ASYNC,AUTH_IDENTITY_PERMISSION,2,SWE-agent + MiniMax,AUTH_IDENTITY_PERMISSION | CONCURRENCY_ASYNC,1,2,True,AUTH_IDENTITY_PERMISSION | CONCURRENCY_ASYNC,57ff2062-3ccc-42e5-95d4-8fd7b9320524,nvidia_all_merged.jsonl,2402
solid__community-server-697,Affected_Component,CORE_BUSINESS_LOGIC | DATA_PROCESSING,CORE_BUSINESS_LOGIC,4,OpenHands + MiniMax,CORE_BUSINESS_LOGIC | DATA_PROCESSING,1,2,True,CORE_BUSINESS_LOGIC | DATA_PROCESSING,3468b5f6-6521-44c3-a004-04c88d8d96e7,nvidia_all_merged.jsonl,472
solid__community-server-841,Affected_Component,CACHE | CORE_BUSINESS_LOGIC,CACHE,1,SWE-agent + Qwen,CACHE,1,1,False,CACHE,3b325aa9-241b-43ab-a6ef-ef5594c46e4a,nvidia_all_merged.jsonl,3290
stylelint__vscode-stylelint-635,Affected_Component,API_SDK | CORE_BUSINESS_LOGIC,API_SDK,2,SWE-agent + MiniMax,API_SDK,1,1,False,API_SDK,4f64989d-59a3-4b76-8c50-3a5ec82cc636,nvidia_all_merged.jsonl,1945
sunng87__handlebars-rust-461,Affected_Component,LANGUAGE_RUNTIME | PARSING_SERIALIZATION,LANGUAGE_RUNTIME,2,SWE-agent + MiniMax,LANGUAGE_RUNTIME,1,1,False,LANGUAGE_RUNTIME,67cd94a4-7391-49a0-a1ae-9638ca1aba1c,nvidia_all_merged.jsonl,2693
sveltejs__prettier-plugin-svelte-282,Affected_Component,PARSING_SERIALIZATION | RENDERING_UI,PARSING_SERIALIZATION,2,SWE-agent + MiniMax,PARSING_SERIALIZATION,1,1,False,PARSING_SERIALIZATION,b4b616b9-b65f-4d67-b503-2da270a48ac1,nvidia_all_merged.jsonl,2023
swc-project__swc-6386,Affected_Component,LANGUAGE_RUNTIME | PARSING_SERIALIZATION,LANGUAGE_RUNTIME,3,OpenHands + Qwen,LANGUAGE_RUNTIME | PARSING_SERIALIZATION,1,2,True,LANGUAGE_RUNTIME | PARSING_SERIALIZATION,77391d18-6e08-46b6-b2ff-bc98613535c4,nvidia_all_merged.jsonl,1776
swc-project__swc-8619,Affected_Component,LANGUAGE_RUNTIME | PARSING_SERIALIZATION,PARSING_SERIALIZATION,1,SWE-agent + Qwen,PARSING_SERIALIZATION,1,1,False,PARSING_SERIALIZATION,42fb96a2-52a6-4cc8-ab3a-ecec169c78fd,nvidia_all_merged.jsonl,3028
tannerlinsley__react-query-2947,Affected_Component,API_SDK | RENDERING_UI,API_SDK,1,SWE-agent + Qwen,API_SDK | RENDERING_UI,1,2,True,API_SDK | RENDERING_UI,e38cc06f-9c2d-4185-9640-06e8ccc4493d,nvidia_all_merged.jsonl,3164
tanstack__router-2259,Affected_Component,API_SDK | WEB_HTTP,WEB_HTTP,1,SWE-agent + Qwen,WEB_HTTP,2,2,False,WEB_HTTP,2b0ec51e-6146-4f48-b74f-181b74ca8436,nvidia_all_merged.jsonl,3032
tanstack__router-3269,Affected_Component,API_SDK | PARSING_SERIALIZATION | RENDERING_UI,PARSING_SERIALIZATION,2,SWE-agent + MiniMax,PARSING_SERIALIZATION,1,1,False,PARSING_SERIALIZATION,c8bde671-152b-427f-9ae8-3eea3d63360e,nvidia_all_merged.jsonl,2057
teleporthq__teleport-code-generators-351,Affected_Component,CORE_BUSINESS_LOGIC | PARSING_SERIALIZATION,PARSING_SERIALIZATION,3,OpenHands + Qwen,PARSING_SERIALIZATION,1,1,False,PARSING_SERIALIZATION,c1979ac7-7fea-4185-899c-9d442793f211,nvidia_all_merged.jsonl,1221
tetratelabs__wazero-1480,Affected_Component,LANGUAGE_RUNTIME | TESTING_INFRASTRUCTURE,LANGUAGE_RUNTIME,2,SWE-agent + MiniMax,LANGUAGE_RUNTIME,1,1,False,LANGUAGE_RUNTIME,826ecdc2-7613-4e7f-89c0-b074debd96f7,nvidia_all_merged.jsonl,1862
threefoldtech__zos-2019,Affected_Component,CORE_BUSINESS_LOGIC | DISTRIBUTED_SYSTEM,CORE_BUSINESS_LOGIC,4,OpenHands + MiniMax,CORE_BUSINESS_LOGIC | DISTRIBUTED_SYSTEM,1,2,True,CORE_BUSINESS_LOGIC | DISTRIBUTED_SYSTEM,6f34f473-c780-4a92-9e06-d628bd538976,nvidia_all_merged.jsonl,722
toblerity__shapely-1192,Affected_Component,CORE_BUSINESS_LOGIC | LANGUAGE_RUNTIME,CORE_BUSINESS_LOGIC,1,SWE-agent + Qwen,CORE_BUSINESS_LOGIC,1,1,False,CORE_BUSINESS_LOGIC,20caf74c-05cb-4ae0-acd7-610c0f8a820b,nvidia_all_merged.jsonl,2838
tweag__nickel-1848,Affected_Component,NETWORK_PROTOCOL | PARSING_SERIALIZATION,NETWORK_PROTOCOL,2,SWE-agent + MiniMax,NETWORK_PROTOCOL | PARSING_SERIALIZATION,1,2,True,NETWORK_PROTOCOL | PARSING_SERIALIZATION,bc113adf-5cd5-4e3e-9798-c045a5b6a168,nvidia_all_merged.jsonl,2651
typescript-eslint__tslint-to-eslint-config-197,Affected_Component,CONFIGURATION | CORE_BUSINESS_LOGIC,CONFIGURATION,1,SWE-agent + Qwen,CONFIGURATION | CORE_BUSINESS_LOGIC,1,2,True,CONFIGURATION | CORE_BUSINESS_LOGIC,32d6fafe-22ce-4de4-84e9-d0d1b1400927,nvidia_all_merged.jsonl,3208
typestack__class-validator-1785,Affected_Component,API_SDK | DOCUMENTATION,DOCUMENTATION,4,OpenHands + MiniMax,API_SDK | DOCUMENTATION,2,3,False,DOCUMENTATION,d3281d19-f4a6-4d55-88c3-979fa7343a16,nvidia_all_merged.jsonl,900
validatorjs__validator.js-1809,Affected_Component,API_SDK | CORE_BUSINESS_LOGIC,API_SDK,2,SWE-agent + MiniMax,API_SDK | CORE_BUSINESS_LOGIC,1,2,True,API_SDK | CORE_BUSINESS_LOGIC,a0fde28a-92b0-402d-8a44-9365164a95ff,nvidia_all_merged.jsonl,2288
vegaprotocol__vegawallet-423,Affected_Component,CLI | CONFIGURATION,CLI,2,SWE-agent + MiniMax,CLI,1,1,False,CLI,7b9375d7-8598-4898-b04d-0bb2bb15f435,nvidia_all_merged.jsonl,2144
vigetlabs__microcosm-406,Affected_Component,API_SDK | CORE_BUSINESS_LOGIC | LANGUAGE_RUNTIME,CORE_BUSINESS_LOGIC,1,SWE-agent + Qwen,CORE_BUSINESS_LOGIC,1,1,False,CORE_BUSINESS_LOGIC,6e0454df-33fc-4d44-9f9d-ba572a90e47c,nvidia_all_merged.jsonl,3042
vmware-tanzu__carvel-imgpkg-443,Affected_Component,CLI | CORE_BUSINESS_LOGIC,CORE_BUSINESS_LOGIC,2,SWE-agent + MiniMax,CORE_BUSINESS_LOGIC,1,1,False,CORE_BUSINESS_LOGIC,ff98e62c-d393-4b10-99c8-39b37284badb,nvidia_all_merged.jsonl,2343
vuejs__composition-api-655,Affected_Component,API_SDK | LANGUAGE_RUNTIME,API_SDK,1,SWE-agent + Qwen,API_SDK,1,1,False,API_SDK,a97e46bb-d92b-4c4a-ab2a-2b7502918a1f,nvidia_all_merged.jsonl,3239
vuejs__eslint-plugin-vue-1222,Affected_Component,CORE_BUSINESS_LOGIC | PARSING_SERIALIZATION,CORE_BUSINESS_LOGIC,2,SWE-agent + MiniMax,CORE_BUSINESS_LOGIC,1,1,False,CORE_BUSINESS_LOGIC,c42192b2-612e-456e-a046-baadf4c69462,nvidia_all_merged.jsonl,2488
vuejs__eslint-plugin-vue-1400,Affected_Component,CORE_BUSINESS_LOGIC | PARSING_SERIALIZATION,PARSING_SERIALIZATION,1,SWE-agent + Qwen,PARSING_SERIALIZATION,1,1,False,PARSING_SERIALIZATION,ab2db927-77af-4086-a5e3-da70c8aed0a5,nvidia_all_merged.jsonl,3043
webpack-contrib__copy-webpack-plugin-477,Affected_Component,CACHE | CONFIGURATION,CONFIGURATION,2,SWE-agent + MiniMax,CONFIGURATION,2,2,False,CONFIGURATION,ef80d6fd-8582-4bee-810a-075a96a9fbe5,nvidia_all_merged.jsonl,2496
websockets__ws-2160,Affected_Component,CONCURRENCY_ASYNC | NETWORK_PROTOCOL,CONCURRENCY_ASYNC,1,SWE-agent + Qwen,CONCURRENCY_ASYNC,1,1,False,CONCURRENCY_ASYNC,25174bc8-470b-467c-ac7b-570501ba2ad0,nvidia_all_merged.jsonl,3204
wheresrhys__fetch-mock-719,Affected_Component,API_SDK | TESTING_INFRASTRUCTURE,API_SDK,1,SWE-agent + Qwen,API_SDK,1,1,False,API_SDK,00a178d8-f59c-4664-9c9f-f06fc42c15d5,nvidia_all_merged.jsonl,2796
yoctol__bottender-572,Affected_Component,API_SDK | CONCURRENCY_ASYNC,API_SDK,4,OpenHands + MiniMax,API_SDK | CONCURRENCY_ASYNC,1,2,True,API_SDK | CONCURRENCY_ASYNC,8e00e911-c42e-4dce-9dae-13e2f3e4ed6e,nvidia_all_merged.jsonl,933
yshavit__mdq-185,Affected_Component,CONFIGURATION | PARSING_SERIALIZATION,CONFIGURATION,2,SWE-agent + MiniMax,CONFIGURATION | PARSING_SERIALIZATION,1,2,True,CONFIGURATION | PARSING_SERIALIZATION,04b73cad-64e1-4270-bba6-6311c8bb526f,nvidia_all_merged.jsonl,2082
yshavit__mdq-309,Affected_Component,LANGUAGE_RUNTIME | TESTING_INFRASTRUCTURE,TESTING_INFRASTRUCTURE,2,SWE-agent + MiniMax,TESTING_INFRASTRUCTURE,1,1,False,TESTING_INFRASTRUCTURE,ed965004-c484-4bfa-a7c0-f59ac5ba91e1,nvidia_all_merged.jsonl,2664
zhiburt__tabled-34,Affected_Component,LANGUAGE_RUNTIME | PARSING_SERIALIZATION,PARSING_SERIALIZATION,1,SWE-agent + Qwen,PARSING_SERIALIZATION,1,1,False,PARSING_SERIALIZATION,bb49dc8d-2e52-4f50-a724-005216929708,nvidia_all_merged.jsonl,3218
a-h__templ-1159,Defect_Type,RENDERING_FORMATTING_ERROR | SERIALIZATION_FORMAT_ERROR,SERIALIZATION_FORMAT_ERROR,1,SWE-agent + Qwen,RENDERING_FORMATTING_ERROR | SERIALIZATION_FORMAT_ERROR,1,2,True,RENDERING_FORMATTING_ERROR | SERIALIZATION_FORMAT_ERROR,fc924d88-a65f-4d11-b8dd-da22903a63ab,nvidia_all_merged.jsonl,3244
armmbed__yotta-656,Defect_Type,INPUT_VALIDATION_ERROR | MISSING_UNSUPPORTED_FEATURE,INPUT_VALIDATION_ERROR,2,SWE-agent + MiniMax,INPUT_VALIDATION_ERROR,1,1,False,INPUT_VALIDATION_ERROR,c5731824-3566-4854-9d95-68389e5f9e08,nvidia_all_merged.jsonl,2385
authorjapps__zerocode-490,Defect_Type,API_CONTRACT_ERROR | TYPE_SCHEMA_ERROR,TYPE_SCHEMA_ERROR,2,SWE-agent + MiniMax,API_CONTRACT_ERROR | TYPE_SCHEMA_ERROR,1,2,True,API_CONTRACT_ERROR | TYPE_SCHEMA_ERROR,f06dce6f-1325-4d46-a4a2-6e734df8f7dd,nvidia_all_merged.jsonl,2074
external-secrets__external-secrets-3500,Defect_Type,API_CONTRACT_ERROR | MISSING_UNSUPPORTED_FEATURE,API_CONTRACT_ERROR,2,SWE-agent + MiniMax,API_CONTRACT_ERROR,1,1,False,API_CONTRACT_ERROR,abee8793-a009-48c7-b14d-ef54692267ce,nvidia_all_merged.jsonl,2186
flekschas__regl-scatterplot-207,Defect_Type,MISSING_UNSUPPORTED_FEATURE | RENDERING_FORMATTING_ERROR,RENDERING_FORMATTING_ERROR,2,SWE-agent + MiniMax,RENDERING_FORMATTING_ERROR,1,1,False,RENDERING_FORMATTING_ERROR,15153062-4972-4418-853f-98dc62f04fb5,nvidia_all_merged.jsonl,2113
formidablelabs__urql-305,Defect_Type,API_CONTRACT_ERROR | MISSING_UNSUPPORTED_FEATURE,MISSING_UNSUPPORTED_FEATURE,1,SWE-agent + Qwen,MISSING_UNSUPPORTED_FEATURE,1,1,False,MISSING_UNSUPPORTED_FEATURE,b47e657e-6bb9-4eaf-bc27-e3701fb7307a,nvidia_all_merged.jsonl,2992
fppt__jedis-mock-67,Defect_Type,ALGORITHM_LOGIC_ERROR | MISSING_UNSUPPORTED_FEATURE | ORDERING_ERROR,MISSING_UNSUPPORTED_FEATURE,2,SWE-agent + MiniMax,MISSING_UNSUPPORTED_FEATURE,1,1,False,MISSING_UNSUPPORTED_FEATURE,0eb1e212-f2db-470f-addf-606aa80ad631,nvidia_all_merged.jsonl,2562
gakonst__ethers-rs-1653,Defect_Type,MISSING_UNSUPPORTED_FEATURE | TYPE_SCHEMA_ERROR,TYPE_SCHEMA_ERROR,2,SWE-agent + MiniMax,TYPE_SCHEMA_ERROR,1,1,False,TYPE_SCHEMA_ERROR,05e2421f-3d26-475b-9e55-d79d774170f0,nvidia_all_merged.jsonl,2462
gakonst__ethers-rs-972,Defect_Type,ALGORITHM_LOGIC_ERROR | DUPLICATION_ERROR,ALGORITHM_LOGIC_ERROR,1,SWE-agent + Qwen,ALGORITHM_LOGIC_ERROR,1,1,False,ALGORITHM_LOGIC_ERROR,8adb424a-a6ef-4805-b9ac-2c9e3265c11c,nvidia_all_merged.jsonl,2962
gavv__httpexpect-194,Defect_Type,API_CONTRACT_ERROR | RENDERING_FORMATTING_ERROR,API_CONTRACT_ERROR,4,OpenHands + MiniMax,API_CONTRACT_ERROR | RENDERING_FORMATTING_ERROR,1,2,True,API_CONTRACT_ERROR | RENDERING_FORMATTING_ERROR,ece9731f-56ae-4409-843c-99768efb5840,nvidia_all_merged.jsonl,757
gcanti__io-ts-222,Defect_Type,INPUT_VALIDATION_ERROR | TYPE_SCHEMA_ERROR,TYPE_SCHEMA_ERROR,1,SWE-agent + Qwen,TYPE_SCHEMA_ERROR,1,1,False,TYPE_SCHEMA_ERROR,6189469f-1897-49af-a7ce-9fc082cbe7f0,nvidia_all_merged.jsonl,3229
getkin__kin-openapi-355,Defect_Type,API_CONTRACT_ERROR | INPUT_VALIDATION_ERROR,INPUT_VALIDATION_ERROR,1,SWE-agent + Qwen,INPUT_VALIDATION_ERROR,1,1,False,INPUT_VALIDATION_ERROR,ef9324ad-9521-4d83-bfe2-a3afbafe721c,nvidia_all_merged.jsonl,3147
getmoto__moto-6469,Defect_Type,INPUT_VALIDATION_ERROR | MISSING_UNSUPPORTED_FEATURE,MISSING_UNSUPPORTED_FEATURE,1,SWE-agent + Qwen,INPUT_VALIDATION_ERROR | MISSING_UNSUPPORTED_FEATURE,1,2,True,INPUT_VALIDATION_ERROR | MISSING_UNSUPPORTED_FEATURE,80ad4cfb-44d6-43bc-b869-38384a379789,nvidia_all_merged.jsonl,3126
getmoto__moto-6618,Defect_Type,MISSING_UNSUPPORTED_FEATURE | SERIALIZATION_FORMAT_ERROR,SERIALIZATION_FORMAT_ERROR,1,SWE-agent + Qwen,SERIALIZATION_FORMAT_ERROR,1,1,False,SERIALIZATION_FORMAT_ERROR,49ab11e5-2435-45b1-91fe-ba8fe1af398a,nvidia_all_merged.jsonl,3205
getmoto__moto-7212,Defect_Type,API_CONTRACT_ERROR | MISSING_UNSUPPORTED_FEATURE,API_CONTRACT_ERROR,1,SWE-agent + Qwen,API_CONTRACT_ERROR,1,1,False,API_CONTRACT_ERROR,c19b7b65-2ba6-42b0-8047-69f4766530aa,nvidia_all_merged.jsonl,2987
getmoto__moto-7968,Defect_Type,API_CONTRACT_ERROR | STATE_LIFECYCLE_ERROR,API_CONTRACT_ERROR,1,SWE-agent + Qwen,API_CONTRACT_ERROR,1,1,False,API_CONTRACT_ERROR,6c70a1c2-50e4-46fc-a2eb-69585ca7b0aa,nvidia_all_merged.jsonl,3061
getsentry__sentry-rust-712,Defect_Type,DATA_MUTATION_LOSS_ERROR | MISSING_UNSUPPORTED_FEATURE,DATA_MUTATION_LOSS_ERROR,4,OpenHands + MiniMax,DATA_MUTATION_LOSS_ERROR | MISSING_UNSUPPORTED_FEATURE,1,2,True,DATA_MUTATION_LOSS_ERROR | MISSING_UNSUPPORTED_FEATURE,e2e7f667-5c47-4d2d-a28a-560876c63069,nvidia_all_merged.jsonl,827
go-acme__lego-2574,Defect_Type,API_CONTRACT_ERROR | MISSING_UNSUPPORTED_FEATURE,MISSING_UNSUPPORTED_FEATURE,2,SWE-agent + MiniMax,MISSING_UNSUPPORTED_FEATURE,1,1,False,MISSING_UNSUPPORTED_FEATURE,284a6d1e-ae5a-4107-9f00-fdf8a8ecbfcc,nvidia_all_merged.jsonl,2351
go-kratos__kratos-3134,Defect_Type,ALGORITHM_LOGIC_ERROR | RENDERING_FORMATTING_ERROR,ALGORITHM_LOGIC_ERROR,1,SWE-agent + Qwen,ALGORITHM_LOGIC_ERROR,1,1,False,ALGORITHM_LOGIC_ERROR,974d6e1b-26df-4899-927c-203516538548,nvidia_all_merged.jsonl,2872
goccy__go-yaml-330,Defect_Type,SERIALIZATION_FORMAT_ERROR | SYNTAX_PARSE_ERROR,SYNTAX_PARSE_ERROR,2,SWE-agent + MiniMax,SYNTAX_PARSE_ERROR,1,1,False,SYNTAX_PARSE_ERROR,22f3d92a-a3ac-4955-90a8-806a300da159,nvidia_all_merged.jsonl,2020
google__go-github-1384,Defect_Type,API_CONTRACT_ERROR | MISSING_UNSUPPORTED_FEATURE,MISSING_UNSUPPORTED_FEATURE,1,SWE-agent + Qwen,API_CONTRACT_ERROR | MISSING_UNSUPPORTED_FEATURE,1,2,True,API_CONTRACT_ERROR | MISSING_UNSUPPORTED_FEATURE,6f0ed7c2-3160-4b19-a7e1-d88d3dc76206,nvidia_all_merged.jsonl,3333
google__go-github-1847,Defect_Type,API_CONTRACT_ERROR | MISSING_UNSUPPORTED_FEATURE,MISSING_UNSUPPORTED_FEATURE,1,SWE-agent + Qwen,MISSING_UNSUPPORTED_FEATURE,1,1,False,MISSING_UNSUPPORTED_FEATURE,ddf14fee-19f4-49cd-96c1-679ebf6c1180,nvidia_all_merged.jsonl,3019
google__go-github-2235,Defect_Type,API_CONTRACT_ERROR | MISSING_UNSUPPORTED_FEATURE,API_CONTRACT_ERROR,1,SWE-agent + Qwen,API_CONTRACT_ERROR,1,1,False,API_CONTRACT_ERROR,5b1e7d4d-250f-4fa2-8ad5-a502aa5922d8,nvidia_all_merged.jsonl,2830
google__turbinia-484,Defect_Type,EXCEPTION_HANDLING_ERROR | MISSING_UNSUPPORTED_FEATURE,EXCEPTION_HANDLING_ERROR,1,SWE-agent + Qwen,EXCEPTION_HANDLING_ERROR,1,1,False,EXCEPTION_HANDLING_ERROR,f7efa7cf-bdc0-41fc-b443-ee0568f8968d,nvidia_all_merged.jsonl,3067
googleapis__java-storage-102,Defect_Type,INPUT_VALIDATION_ERROR | TYPE_SCHEMA_ERROR,INPUT_VALIDATION_ERROR,3,OpenHands + Qwen,INPUT_VALIDATION_ERROR,1,1,False,INPUT_VALIDATION_ERROR,2dbc99f1-9a1f-4851-9539-44bb9104e1f5,nvidia_all_merged.jsonl,1208
googleapis__java-storage-390,Defect_Type,API_CONTRACT_ERROR | MISSING_UNSUPPORTED_FEATURE,API_CONTRACT_ERROR,2,SWE-agent + MiniMax,API_CONTRACT_ERROR,1,1,False,API_CONTRACT_ERROR,25e8c06f-1bab-40a0-ba5c-97c076447e67,nvidia_all_merged.jsonl,2420
googleapis__java-storage-479,Defect_Type,MISSING_UNSUPPORTED_FEATURE | NULL_EMPTY_INPUT_ERROR,NULL_EMPTY_INPUT_ERROR,1,SWE-agent + Qwen,MISSING_UNSUPPORTED_FEATURE | NULL_EMPTY_INPUT_ERROR,1,2,True,MISSING_UNSUPPORTED_FEATURE | NULL_EMPTY_INPUT_ERROR,9226dca7-ae2a-47d3-b1d5-a72de64054c8,nvidia_all_merged.jsonl,2991
googlechrome__lighthouse-10801,Defect_Type,ALGORITHM_LOGIC_ERROR | CALCULATION_NUMERICAL_ERROR,CALCULATION_NUMERICAL_ERROR,2,SWE-agent + MiniMax,CALCULATION_NUMERICAL_ERROR,1,1,False,CALCULATION_NUMERICAL_ERROR,e857dadc-e081-4597-947e-aaaaa8b2dbf7,nvidia_all_merged.jsonl,1827
googlechrome__lighthouse-6347,Defect_Type,ASYNC_EVENT_SCHEDULING_ERROR | MISSING_UNSUPPORTED_FEATURE,MISSING_UNSUPPORTED_FEATURE,2,SWE-agent + MiniMax,MISSING_UNSUPPORTED_FEATURE,1,1,False,MISSING_UNSUPPORTED_FEATURE,b8544e5b-5d51-4513-9c89-2c8e10e0ea33,nvidia_all_merged.jsonl,2168
googlechrome__lighthouse-6874,Defect_Type,MISSING_UNSUPPORTED_FEATURE | TEST_DISCOVERY_EXECUTION_ERROR,MISSING_UNSUPPORTED_FEATURE,4,OpenHands + MiniMax,MISSING_UNSUPPORTED_FEATURE | TEST_DISCOVERY_EXECUTION_ERROR,1,2,True,MISSING_UNSUPPORTED_FEATURE | TEST_DISCOVERY_EXECUTION_ERROR,c9edb0d5-12dd-413e-9710-29c4df8bfbeb,nvidia_all_merged.jsonl,785
googlechrome__lighthouse-9073,Defect_Type,MISSING_UNSUPPORTED_FEATURE | RENDERING_FORMATTING_ERROR,MISSING_UNSUPPORTED_FEATURE,1,SWE-agent + Qwen,MISSING_UNSUPPORTED_FEATURE,1,1,False,MISSING_UNSUPPORTED_FEATURE,947b069a-1e40-4ae1-8bfe-69a4440fb2ca,nvidia_all_merged.jsonl,2844
googlefonts__fontations-999,Defect_Type,BOUNDARY_RANGE_ERROR | MISSING_UNSUPPORTED_FEATURE,MISSING_UNSUPPORTED_FEATURE,4,OpenHands + MiniMax,BOUNDARY_RANGE_ERROR | MISSING_UNSUPPORTED_FEATURE,1,2,True,BOUNDARY_RANGE_ERROR | MISSING_UNSUPPORTED_FEATURE,369f90df-74d3-4087-8141-8273059debe6,nvidia_all_merged.jsonl,989
googlefonts__fontc-979,Defect_Type,API_CONTRACT_ERROR | MISSING_UNSUPPORTED_FEATURE,API_CONTRACT_ERROR,4,OpenHands + MiniMax,API_CONTRACT_ERROR | MISSING_UNSUPPORTED_FEATURE,1,2,True,API_CONTRACT_ERROR | MISSING_UNSUPPORTED_FEATURE,c03ab739-277e-4f01-b2b2-76ef6dfb2b30,nvidia_all_merged.jsonl,760
googlemaps__js-api-loader-99,Defect_Type,API_CONTRACT_ERROR | STATE_LIFECYCLE_ERROR,API_CONTRACT_ERROR,2,SWE-agent + MiniMax,API_CONTRACT_ERROR,2,2,False,API_CONTRACT_ERROR,71114bca-aa83-4d4a-943b-c6a4f6250daf,nvidia_all_merged.jsonl,2192
gotenberg__gotenberg-1015,Defect_Type,API_CONTRACT_ERROR | MISSING_UNSUPPORTED_FEATURE,API_CONTRACT_ERROR,2,SWE-agent + MiniMax,API_CONTRACT_ERROR,1,1,False,API_CONTRACT_ERROR,33174067-3dea-4d28-8a74-2974057f0ba0,nvidia_all_merged.jsonl,2686
gotenberg__gotenberg-971,Defect_Type,API_CONTRACT_ERROR | MISSING_UNSUPPORTED_FEATURE,MISSING_UNSUPPORTED_FEATURE,4,OpenHands + MiniMax,API_CONTRACT_ERROR | MISSING_UNSUPPORTED_FEATURE,1,2,True,API_CONTRACT_ERROR | MISSING_UNSUPPORTED_FEATURE,8737755b-bc8b-435f-99de-1a242a172e26,nvidia_all_merged.jsonl,276
graphhopper__graphhopper-2411,Defect_Type,ALGORITHM_LOGIC_ERROR | MISSING_UNSUPPORTED_FEATURE,MISSING_UNSUPPORTED_FEATURE,3,OpenHands + Qwen,ALGORITHM_LOGIC_ERROR | MISSING_UNSUPPORTED_FEATURE,1,2,True,ALGORITHM_LOGIC_ERROR | MISSING_UNSUPPORTED_FEATURE,83b07e6f-556b-42a9-b5dd-c4be95d6513b,nvidia_all_merged.jsonl,1691
graphhopper__graphhopper-2924,Defect_Type,ALGORITHM_LOGIC_ERROR | BOUNDARY_RANGE_ERROR,ALGORITHM_LOGIC_ERROR,1,SWE-agent + Qwen,ALGORITHM_LOGIC_ERROR,1,1,False,ALGORITHM_LOGIC_ERROR,f4c412f8-8c6c-4feb-8e38-5f327f3df421,nvidia_all_merged.jsonl,2912
helm__helm-12177,Defect_Type,API_CONTRACT_ERROR | MISSING_UNSUPPORTED_FEATURE,MISSING_UNSUPPORTED_FEATURE,2,SWE-agent + MiniMax,MISSING_UNSUPPORTED_FEATURE,1,1,False,MISSING_UNSUPPORTED_FEATURE,a0986585-45de-4cd2-b172-19da8fdb8be2,nvidia_all_merged.jsonl,2500
helm__helm-7217,Defect_Type,ASYNC_EVENT_SCHEDULING_ERROR | CONFIGURATION_ARGUMENT_ERROR | INPUT_VALIDATION_ERROR,CONFIGURATION_ARGUMENT_ERROR,1,SWE-agent + Qwen,CONFIGURATION_ARGUMENT_ERROR | INPUT_VALIDATION_ERROR,1,2,True,CONFIGURATION_ARGUMENT_ERROR | INPUT_VALIDATION_ERROR,05756bba-6da8-4835-8434-ada1f87e8834,nvidia_all_merged.jsonl,3454
huntabyte__shadcn-svelte-2129,Defect_Type,API_CONTRACT_ERROR | CONFIGURATION_ARGUMENT_ERROR,API_CONTRACT_ERROR,2,SWE-agent + MiniMax,API_CONTRACT_ERROR,1,1,False,API_CONTRACT_ERROR,0c4301c9-03c5-4761-8d83-53ec34ee9c1a,nvidia_all_merged.jsonl,2585
iamconsortium__pyam-305,Defect_Type,API_CONTRACT_ERROR | CONFIGURATION_ARGUMENT_ERROR | MISSING_UNSUPPORTED_FEATURE,MISSING_UNSUPPORTED_FEATURE,1,SWE-agent + Qwen,MISSING_UNSUPPORTED_FEATURE,1,1,False,MISSING_UNSUPPORTED_FEATURE,99412224-3d87-4b90-8bf4-890e0214e5cf,nvidia_all_merged.jsonl,2797
inovex__scrumlr.io-1877,Defect_Type,DATA_MUTATION_LOSS_ERROR | STATE_LIFECYCLE_ERROR,DATA_MUTATION_LOSS_ERROR,2,SWE-agent + MiniMax,DATA_MUTATION_LOSS_ERROR,1,1,False,DATA_MUTATION_LOSS_ERROR,498eee9b-9517-43e3-99de-724c094b048e,nvidia_all_merged.jsonl,2109
jazzband__django-axes-865,Defect_Type,MISSING_UNSUPPORTED_FEATURE | STATE_LIFECYCLE_ERROR,MISSING_UNSUPPORTED_FEATURE,1,SWE-agent + Qwen,MISSING_UNSUPPORTED_FEATURE | STATE_LIFECYCLE_ERROR,1,2,True,MISSING_UNSUPPORTED_FEATURE | STATE_LIFECYCLE_ERROR,6f72a04f-294b-4adb-a645-a4eaaa5ef3ae,nvidia_all_merged.jsonl,3105
jedib0t__go-pretty-306,Defect_Type,MISSING_UNSUPPORTED_FEATURE | ORDERING_ERROR,ORDERING_ERROR,1,SWE-agent + Qwen,ORDERING_ERROR,2,2,False,ORDERING_ERROR,f132c9af-5795-4870-b2c0-c87d6b13e020,nvidia_all_merged.jsonl,3267
jhipster__generator-jhipster-11631,Defect_Type,RETURN_VALUE_ERROR | SERIALIZATION_FORMAT_ERROR,SERIALIZATION_FORMAT_ERROR,4,OpenHands + MiniMax,RETURN_VALUE_ERROR | SERIALIZATION_FORMAT_ERROR,1,2,True,RETURN_VALUE_ERROR | SERIALIZATION_FORMAT_ERROR,11e9de23-f5bb-4e8c-8720-c00894751204,nvidia_all_merged.jsonl,765
jlowin__fastmcp-128,Defect_Type,API_CONTRACT_ERROR | CONFIGURATION_ARGUMENT_ERROR,API_CONTRACT_ERROR,2,SWE-agent + MiniMax,API_CONTRACT_ERROR | CONFIGURATION_ARGUMENT_ERROR,1,2,True,API_CONTRACT_ERROR | CONFIGURATION_ARGUMENT_ERROR,a77bba0a-6d62-4db1-a444-6a0ac15d2d3f,nvidia_all_merged.jsonl,2426
jorgecarleitao__arrow2-1448,Defect_Type,BOUNDARY_RANGE_ERROR | MISSING_UNSUPPORTED_FEATURE,MISSING_UNSUPPORTED_FEATURE,1,SWE-agent + Qwen,BOUNDARY_RANGE_ERROR | MISSING_UNSUPPORTED_FEATURE,1,2,True,BOUNDARY_RANGE_ERROR | MISSING_UNSUPPORTED_FEATURE,e1f85a93-10fe-4640-8d2d-358dbe5b6fe7,nvidia_all_merged.jsonl,3419
joshuakgoldberg__bingo-270,Defect_Type,API_CONTRACT_ERROR | TYPE_SCHEMA_ERROR,API_CONTRACT_ERROR,2,SWE-agent + MiniMax,API_CONTRACT_ERROR,1,1,False,API_CONTRACT_ERROR,754f0858-604f-4b67-9409-6e64a139c37f,nvidia_all_merged.jsonl,2362
joshuakgoldberg__create-typescript-app-1986,Defect_Type,API_CONTRACT_ERROR | MISSING_UNSUPPORTED_FEATURE,API_CONTRACT_ERROR,1,SWE-agent + Qwen,API_CONTRACT_ERROR,1,1,False,API_CONTRACT_ERROR,5f2e5f30-d2a5-450a-9217-801a55771706,nvidia_all_merged.jsonl,3320
joshuakgoldberg__tslint-to-eslint-config-70,Defect_Type,API_CONTRACT_ERROR | MISSING_UNSUPPORTED_FEATURE,MISSING_UNSUPPORTED_FEATURE,2,SWE-agent + MiniMax,MISSING_UNSUPPORTED_FEATURE,1,1,False,MISSING_UNSUPPORTED_FEATURE,cb36687f-a20b-45de-b79d-05270049eda5,nvidia_all_merged.jsonl,2340
jsonata-js__jsonata-372,Defect_Type,ALGORITHM_LOGIC_ERROR | RETURN_VALUE_ERROR,RETURN_VALUE_ERROR,4,OpenHands + MiniMax,ALGORITHM_LOGIC_ERROR | RETURN_VALUE_ERROR,1,2,True,ALGORITHM_LOGIC_ERROR | RETURN_VALUE_ERROR,d9e01a15-41b0-4d56-9199-84f0187789cf,nvidia_all_merged.jsonl,394
jsonmapper__jsonmapper-122,Defect_Type,API_CONTRACT_ERROR | EXCEPTION_HANDLING_ERROR,API_CONTRACT_ERROR,1,SWE-agent + Qwen,API_CONTRACT_ERROR,1,1,False,API_CONTRACT_ERROR,c002f8eb-5e6c-4e43-9e70-a461635a67fd,nvidia_all_merged.jsonl,3088
k1low__tbls-600,Defect_Type,INPUT_VALIDATION_ERROR | SYNTAX_PARSE_ERROR,INPUT_VALIDATION_ERROR,1,SWE-agent + Qwen,INPUT_VALIDATION_ERROR,1,1,False,INPUT_VALIDATION_ERROR,6c66bcee-b78b-4a4d-a0be-9a7c06c5d5f3,nvidia_all_merged.jsonl,2845
kdr-aus__ogma-101,Defect_Type,ALGORITHM_LOGIC_ERROR | TYPE_SCHEMA_ERROR,ALGORITHM_LOGIC_ERROR,1,SWE-agent + Qwen,ALGORITHM_LOGIC_ERROR | TYPE_SCHEMA_ERROR,1,2,True,ALGORITHM_LOGIC_ERROR | TYPE_SCHEMA_ERROR,4eee7618-3371-4b16-8df8-1782c9e37cf5,nvidia_all_merged.jsonl,3463
keras-team__keras-19829,Defect_Type,CALCULATION_NUMERICAL_ERROR | MISSING_UNSUPPORTED_FEATURE,MISSING_UNSUPPORTED_FEATURE,1,SWE-agent + Qwen,MISSING_UNSUPPORTED_FEATURE,1,1,False,MISSING_UNSUPPORTED_FEATURE,606eee5f-39cc-4201-b46a-0f8a82ea2f3d,nvidia_all_merged.jsonl,3344
keras-team__keras-19838,Defect_Type,ALGORITHM_LOGIC_ERROR | TYPE_SCHEMA_ERROR,ALGORITHM_LOGIC_ERROR,1,SWE-agent + Qwen,ALGORITHM_LOGIC_ERROR,1,1,False,ALGORITHM_LOGIC_ERROR,fe7b2a86-40fc-452a-8891-8f6da241967d,nvidia_all_merged.jsonl,3181
keras-team__keras-nlp-1166,Defect_Type,API_CONTRACT_ERROR | MISSING_UNSUPPORTED_FEATURE,MISSING_UNSUPPORTED_FEATURE,2,SWE-agent + MiniMax,MISSING_UNSUPPORTED_FEATURE,1,1,False,MISSING_UNSUPPORTED_FEATURE,0ac1ce6b-f319-4b41-b8b7-de66b8ef3a44,nvidia_all_merged.jsonl,2162
kestra-io__kestra-2968,Defect_Type,MISSING_UNSUPPORTED_FEATURE | STATE_LIFECYCLE_ERROR,MISSING_UNSUPPORTED_FEATURE,1,SWE-agent + Qwen,MISSING_UNSUPPORTED_FEATURE,1,1,False,MISSING_UNSUPPORTED_FEATURE,e896c8c7-0a1e-4298-b0ce-5ef96cbb89bf,nvidia_all_merged.jsonl,3166
kestra-io__kestra-3565,Defect_Type,API_CONTRACT_ERROR | MISSING_UNSUPPORTED_FEATURE,API_CONTRACT_ERROR,2,SWE-agent + MiniMax,API_CONTRACT_ERROR | MISSING_UNSUPPORTED_FEATURE,1,2,True,API_CONTRACT_ERROR | MISSING_UNSUPPORTED_FEATURE,bfdc1c8a-674e-42ce-b383-77482ce11fe1,nvidia_all_merged.jsonl,2613
kestra-io__kestra-6046,Defect_Type,ALGORITHM_LOGIC_ERROR | STATE_LIFECYCLE_ERROR,ALGORITHM_LOGIC_ERROR,1,SWE-agent + Qwen,ALGORITHM_LOGIC_ERROR,1,1,False,ALGORITHM_LOGIC_ERROR,585161f5-4f4e-43c3-a79a-9b5f1f3f3598,nvidia_all_merged.jsonl,2896
knative-sandbox__eventing-rabbitmq-1163,Defect_Type,DATA_MUTATION_LOSS_ERROR | STATE_LIFECYCLE_ERROR,DATA_MUTATION_LOSS_ERROR,3,OpenHands + Qwen,DATA_MUTATION_LOSS_ERROR | STATE_LIFECYCLE_ERROR,1,2,True,DATA_MUTATION_LOSS_ERROR | STATE_LIFECYCLE_ERROR,f29f1122-330e-481e-87b9-5058d6f6ab7b,nvidia_all_merged.jsonl,1477
knative__client-1289,Defect_Type,MISSING_UNSUPPORTED_FEATURE | RENDERING_FORMATTING_ERROR,RENDERING_FORMATTING_ERROR,2,SWE-agent + MiniMax,MISSING_UNSUPPORTED_FEATURE | RENDERING_FORMATTING_ERROR,1,2,True,MISSING_UNSUPPORTED_FEATURE | RENDERING_FORMATTING_ERROR,b1b754cc-5e7e-4557-bc34-d53cf9233bfc,nvidia_all_merged.jsonl,2600
knative__client-1333,Defect_Type,ASYNC_EVENT_SCHEDULING_ERROR | CONCURRENCY_RACE_DEADLOCK_ERROR,ASYNC_EVENT_SCHEDULING_ERROR,2,SWE-agent + MiniMax,ASYNC_EVENT_SCHEDULING_ERROR | CONCURRENCY_RACE_DEADLOCK_ERROR,1,2,True,ASYNC_EVENT_SCHEDULING_ERROR | CONCURRENCY_RACE_DEADLOCK_ERROR,0f02167e-5263-4593-be00-3e9cae14c14b,nvidia_all_merged.jsonl,2233
knuckleswtf__scribe-826,Defect_Type,ALGORITHM_LOGIC_ERROR | TYPE_SCHEMA_ERROR,TYPE_SCHEMA_ERROR,1,SWE-agent + Qwen,TYPE_SCHEMA_ERROR,1,1,False,TYPE_SCHEMA_ERROR,f7b39efb-d818-47fb-8d6f-39bf482f5f59,nvidia_all_merged.jsonl,2929
kubernetes-sigs__aws-alb-ingress-controller-1172,Defect_Type,INPUT_VALIDATION_ERROR | STATE_LIFECYCLE_ERROR,INPUT_VALIDATION_ERROR,2,SWE-agent + MiniMax,INPUT_VALIDATION_ERROR | STATE_LIFECYCLE_ERROR,1,2,True,INPUT_VALIDATION_ERROR | STATE_LIFECYCLE_ERROR,fc8d1d30-76a1-41bc-a33f-3e95edc2f994,nvidia_all_merged.jsonl,2603
kubernetes-sigs__gcp-filestore-csi-driver-59,Defect_Type,API_CONTRACT_ERROR | INPUT_VALIDATION_ERROR | STATE_LIFECYCLE_ERROR,API_CONTRACT_ERROR,1,SWE-agent + Qwen,API_CONTRACT_ERROR | INPUT_VALIDATION_ERROR,1,2,True,API_CONTRACT_ERROR | INPUT_VALIDATION_ERROR,7eb68cd3-7979-4ebc-a8d1-ead96490ff73,nvidia_all_merged.jsonl,3250
kubernetes-sigs__krew-695,Defect_Type,API_CONTRACT_ERROR | STATE_LIFECYCLE_ERROR,API_CONTRACT_ERROR,4,OpenHands + MiniMax,API_CONTRACT_ERROR | STATE_LIFECYCLE_ERROR,1,2,True,API_CONTRACT_ERROR | STATE_LIFECYCLE_ERROR,d4e5706f-877d-4984-9ae4-93a9d29c0b01,nvidia_all_merged.jsonl,886
lingui__js-lingui-1059,Defect_Type,ALGORITHM_LOGIC_ERROR | CACHE_INVALIDATION_ERROR,ALGORITHM_LOGIC_ERROR,3,OpenHands + Qwen,ALGORITHM_LOGIC_ERROR,1,1,False,ALGORITHM_LOGIC_ERROR,228e623b-9698-4e4a-aa90-315084cc342c,nvidia_all_merged.jsonl,1125
maizzle__framework-1144,Defect_Type,API_CONTRACT_ERROR | RENDERING_FORMATTING_ERROR,RENDERING_FORMATTING_ERROR,2,SWE-agent + MiniMax,RENDERING_FORMATTING_ERROR,1,1,False,RENDERING_FORMATTING_ERROR,694bc9ec-3af1-4206-8f20-3da289bd6f7f,nvidia_all_merged.jsonl,2096
mandarons__icloud-drive-docker-191,Defect_Type,FILE_PATH_ERROR | INPUT_VALIDATION_ERROR,INPUT_VALIDATION_ERROR,2,SWE-agent + MiniMax,INPUT_VALIDATION_ERROR,1,1,False,INPUT_VALIDATION_ERROR,469f1636-c8d3-4ed5-91f5-8b1ffe49c7a7,nvidia_all_merged.jsonl,2135
marpple__fxts-169,Defect_Type,API_CONTRACT_ERROR | NULL_EMPTY_INPUT_ERROR | TYPE_SCHEMA_ERROR,NULL_EMPTY_INPUT_ERROR,2,SWE-agent + MiniMax,API_CONTRACT_ERROR | NULL_EMPTY_INPUT_ERROR,1,2,True,API_CONTRACT_ERROR | NULL_EMPTY_INPUT_ERROR,a010d8cd-86f3-4d98-9f12-0f0dc9fa3855,nvidia_all_merged.jsonl,2525
marpple__fxts-54,Defect_Type,API_CONTRACT_ERROR | MISSING_UNSUPPORTED_FEATURE | RETURN_VALUE_ERROR,API_CONTRACT_ERROR,2,SWE-agent + MiniMax,API_CONTRACT_ERROR | MISSING_UNSUPPORTED_FEATURE,1,2,True,API_CONTRACT_ERROR | MISSING_UNSUPPORTED_FEATURE,0d5280d0-ce2f-4489-ab49-541ba65789ca,nvidia_all_merged.jsonl,2553
matchms__matchms-543,Defect_Type,API_CONTRACT_ERROR | RESOURCE_MANAGEMENT_ERROR,API_CONTRACT_ERROR,2,SWE-agent + MiniMax,API_CONTRACT_ERROR,3,3,False,API_CONTRACT_ERROR,7dde9ec6-1c35-4a67-b0e1-e85306fdf82a,nvidia_all_merged.jsonl,2399
meltano__sdk-2136,Defect_Type,SERIALIZATION_FORMAT_ERROR | TYPE_SCHEMA_ERROR,SERIALIZATION_FORMAT_ERROR,4,OpenHands + MiniMax,SERIALIZATION_FORMAT_ERROR | TYPE_SCHEMA_ERROR,1,2,True,SERIALIZATION_FORMAT_ERROR | TYPE_SCHEMA_ERROR,06284391-dc2d-4129-bde2-278e870dcdd5,nvidia_all_merged.jsonl,246
microsoft__qsharp-1118,Defect_Type,MISSING_UNSUPPORTED_FEATURE | STATE_LIFECYCLE_ERROR,MISSING_UNSUPPORTED_FEATURE,1,SWE-agent + Qwen,MISSING_UNSUPPORTED_FEATURE,1,1,False,MISSING_UNSUPPORTED_FEATURE,08357807-2580-452c-8e12-5243c2028d85,nvidia_all_merged.jsonl,3004
modin-project__modin-7396,Defect_Type,CONFIGURATION_ARGUMENT_ERROR | ORDERING_ERROR,ORDERING_ERROR,4,OpenHands + MiniMax,CONFIGURATION_ARGUMENT_ERROR | ORDERING_ERROR,1,2,True,CONFIGURATION_ARGUMENT_ERROR | ORDERING_ERROR,67be145a-b286-4122-9a7c-9ee62b4aeb3c,nvidia_all_merged.jsonl,267
mpmath__mpmath-819,Defect_Type,MISSING_UNSUPPORTED_FEATURE | RENDERING_FORMATTING_ERROR,RENDERING_FORMATTING_ERROR,1,SWE-agent + Qwen,RENDERING_FORMATTING_ERROR,1,1,False,RENDERING_FORMATTING_ERROR,2ac33e26-bb2b-4397-afa6-79de6ebd509a,nvidia_all_merged.jsonl,3438
netapp__harvest-1326,Defect_Type,CALCULATION_NUMERICAL_ERROR | SERIALIZATION_FORMAT_ERROR,SERIALIZATION_FORMAT_ERROR,4,OpenHands + MiniMax,CALCULATION_NUMERICAL_ERROR | SERIALIZATION_FORMAT_ERROR,1,2,True,CALCULATION_NUMERICAL_ERROR | SERIALIZATION_FORMAT_ERROR,0d4aec0a-dffe-478f-a85a-ba0ce06a290f,nvidia_all_merged.jsonl,848
nginx__nginx-gateway-fabric-3390,Defect_Type,API_CONTRACT_ERROR | MISSING_UNSUPPORTED_FEATURE,MISSING_UNSUPPORTED_FEATURE,1,SWE-agent + Qwen,MISSING_UNSUPPORTED_FEATURE,1,1,False,MISSING_UNSUPPORTED_FEATURE,7c3b3422-79dd-4b02-bc26-abd1754fe80e,nvidia_all_merged.jsonl,3155
nicklaw5__helix-200,Defect_Type,MISSING_UNSUPPORTED_FEATURE | STATE_LIFECYCLE_ERROR,STATE_LIFECYCLE_ERROR,3,OpenHands + Qwen,STATE_LIFECYCLE_ERROR,1,1,False,STATE_LIFECYCLE_ERROR,af97bf19-cc4c-4fd6-af30-3855f81d0c70,nvidia_all_merged.jsonl,1453
niconoe__pyinaturalist-86,Defect_Type,API_CONTRACT_ERROR | SERIALIZATION_FORMAT_ERROR,API_CONTRACT_ERROR,1,SWE-agent + Qwen,API_CONTRACT_ERROR,1,1,False,API_CONTRACT_ERROR,316e6222-2a25-4893-8267-942fcccdbbca,nvidia_all_merged.jsonl,2822
nightwatchjs__nightwatch-3335,Defect_Type,CONFIGURATION_ARGUMENT_ERROR | MISSING_UNSUPPORTED_FEATURE,MISSING_UNSUPPORTED_FEATURE,1,SWE-agent + Qwen,MISSING_UNSUPPORTED_FEATURE,1,1,False,MISSING_UNSUPPORTED_FEATURE,4bbfc47e-c477-40d6-8dc4-29870e6b7e74,nvidia_all_merged.jsonl,3424
nzakas__eslint-plugin-typescript-116,Defect_Type,MISSING_UNSUPPORTED_FEATURE | TYPE_SCHEMA_ERROR,MISSING_UNSUPPORTED_FEATURE,1,SWE-agent + Qwen,MISSING_UNSUPPORTED_FEATURE,1,1,False,MISSING_UNSUPPORTED_FEATURE,231f8926-64c3-458a-b070-93bd6a86b13d,nvidia_all_merged.jsonl,3285
obsidian-tasks-group__obsidian-tasks-1592,Defect_Type,API_CONTRACT_ERROR | DEPENDENCY_RESOLUTION_ERROR,DEPENDENCY_RESOLUTION_ERROR,3,OpenHands + Qwen,DEPENDENCY_RESOLUTION_ERROR,1,1,False,DEPENDENCY_RESOLUTION_ERROR,750cf3f7-ae41-4431-9759-0af3397449ba,nvidia_all_merged.jsonl,1261
okonet__lint-staged-421,Defect_Type,DUPLICATION_ERROR | RENDERING_FORMATTING_ERROR,DUPLICATION_ERROR,2,SWE-agent + MiniMax,DUPLICATION_ERROR | RENDERING_FORMATTING_ERROR,1,2,True,DUPLICATION_ERROR | RENDERING_FORMATTING_ERROR,3d6caf47-93cb-4018-a504-3a45a1d735d9,nvidia_all_merged.jsonl,2579
oliverschwendener__ueli-1331,Defect_Type,CONFIGURATION_ARGUMENT_ERROR | FILE_PATH_ERROR,FILE_PATH_ERROR,2,SWE-agent + MiniMax,FILE_PATH_ERROR,1,1,False,FILE_PATH_ERROR,088fc8ea-6335-467c-a59f-04ca650d7a83,nvidia_all_merged.jsonl,2371
omni-us__jsonargparse-530,Defect_Type,API_CONTRACT_ERROR | TYPE_SCHEMA_ERROR,TYPE_SCHEMA_ERROR,2,SWE-agent + MiniMax,API_CONTRACT_ERROR | TYPE_SCHEMA_ERROR,1,2,True,API_CONTRACT_ERROR | TYPE_SCHEMA_ERROR,43fdd3b6-2832-435f-9fcd-d7ce1a6dc649,nvidia_all_merged.jsonl,2377
omni-us__jsonargparse-660,Defect_Type,API_CONTRACT_ERROR | MISSING_UNSUPPORTED_FEATURE,MISSING_UNSUPPORTED_FEATURE,1,SWE-agent + Qwen,API_CONTRACT_ERROR | MISSING_UNSUPPORTED_FEATURE,1,2,True,API_CONTRACT_ERROR | MISSING_UNSUPPORTED_FEATURE,88bb2cdf-7dc6-4528-b6b5-cc84a7a5884a,nvidia_all_merged.jsonl,3302
open-telemetry__opentelemetry-operator-3962,Defect_Type,API_CONTRACT_ERROR | CONFIGURATION_ARGUMENT_ERROR,CONFIGURATION_ARGUMENT_ERROR,1,SWE-agent + Qwen,CONFIGURATION_ARGUMENT_ERROR,1,1,False,CONFIGURATION_ARGUMENT_ERROR,0480dbf2-f289-4a88-a417-aa38a1ed9370,nvidia_all_merged.jsonl,3051
open-telemetry__opentelemetry-php-1077,Defect_Type,MISSING_UNSUPPORTED_FEATURE | SERIALIZATION_FORMAT_ERROR,MISSING_UNSUPPORTED_FEATURE,1,SWE-agent + Qwen,MISSING_UNSUPPORTED_FEATURE | SERIALIZATION_FORMAT_ERROR,1,2,True,MISSING_UNSUPPORTED_FEATURE | SERIALIZATION_FORMAT_ERROR,0ecccd9c-bb02-4d68-9f9d-949b0cab0853,nvidia_all_merged.jsonl,3405
openyurtio__openyurt-950,Defect_Type,CONFIGURATION_ARGUMENT_ERROR | MISSING_UNSUPPORTED_FEATURE,MISSING_UNSUPPORTED_FEATURE,1,SWE-agent + Qwen,MISSING_UNSUPPORTED_FEATURE,1,1,False,MISSING_UNSUPPORTED_FEATURE,3e2b3b87-2c4d-40df-940c-c2d9fbe39e21,nvidia_all_merged.jsonl,3041
orhun__git-cliff-369,Defect_Type,API_CONTRACT_ERROR | MISSING_UNSUPPORTED_FEATURE,MISSING_UNSUPPORTED_FEATURE,2,SWE-agent + MiniMax,API_CONTRACT_ERROR | MISSING_UNSUPPORTED_FEATURE,1,2,True,API_CONTRACT_ERROR | MISSING_UNSUPPORTED_FEATURE,4ebcbb21-8603-43ab-a549-c4ac5ade3cc5,nvidia_all_merged.jsonl,2391
osbuild__osbuild-composer-709,Defect_Type,API_CONTRACT_ERROR | STATE_LIFECYCLE_ERROR,API_CONTRACT_ERROR,2,SWE-agent + MiniMax,API_CONTRACT_ERROR,1,1,False,API_CONTRACT_ERROR,40759642-54b6-4998-ae4b-90c34ea5fa32,nvidia_all_merged.jsonl,2257
ossf__package-analysis-525,Defect_Type,ALGORITHM_LOGIC_ERROR | MISSING_UNSUPPORTED_FEATURE,ALGORITHM_LOGIC_ERROR,1,SWE-agent + Qwen,ALGORITHM_LOGIC_ERROR,1,1,False,ALGORITHM_LOGIC_ERROR,5f8c6f60-ad81-49f2-a9b2-fa4f8c995f0f,nvidia_all_merged.jsonl,2826
packit__packit-2589,Defect_Type,API_CONTRACT_ERROR | MISSING_UNSUPPORTED_FEATURE,MISSING_UNSUPPORTED_FEATURE,2,SWE-agent + MiniMax,MISSING_UNSUPPORTED_FEATURE,1,1,False,MISSING_UNSUPPORTED_FEATURE,a258c245-0f2b-4f19-b41c-f80875be0dd5,nvidia_all_merged.jsonl,2213
palantir__policy-bot-302,Defect_Type,STATE_LIFECYCLE_ERROR | TYPE_SCHEMA_ERROR,TYPE_SCHEMA_ERROR,2,SWE-agent + MiniMax,TYPE_SCHEMA_ERROR,1,1,False,TYPE_SCHEMA_ERROR,535d467d-2383-4fc1-a1e1-48148ec2007b,nvidia_all_merged.jsonl,2556
pallets__werkzeug-2655,Defect_Type,API_CONTRACT_ERROR | MISSING_UNSUPPORTED_FEATURE,API_CONTRACT_ERROR,1,SWE-agent + Qwen,API_CONTRACT_ERROR,1,1,False,API_CONTRACT_ERROR,6fb4b1f0-0a70-4680-994b-e2762146911e,nvidia_all_merged.jsonl,3446
pandas-dev__pandas-50647,Defect_Type,API_CONTRACT_ERROR | MISSING_UNSUPPORTED_FEATURE,MISSING_UNSUPPORTED_FEATURE,2,SWE-agent + MiniMax,API_CONTRACT_ERROR | MISSING_UNSUPPORTED_FEATURE,1,2,True,API_CONTRACT_ERROR | MISSING_UNSUPPORTED_FEATURE,a4d57737-d8bd-49e4-943a-2da2f3852c9c,nvidia_all_merged.jsonl,2475
pandas-dev__pandas-60359,Defect_Type,INPUT_VALIDATION_ERROR | MISSING_UNSUPPORTED_FEATURE,INPUT_VALIDATION_ERROR,2,SWE-agent + MiniMax,INPUT_VALIDATION_ERROR,1,1,False,INPUT_VALIDATION_ERROR,44385934-ab6e-40f3-a4b7-c5a9d8cfb51f,nvidia_all_merged.jsonl,2700
pandas-dev__pandas-61577,Defect_Type,MISSING_UNSUPPORTED_FEATURE | VERSION_COMPATIBILITY_ERROR,MISSING_UNSUPPORTED_FEATURE,4,OpenHands + MiniMax,MISSING_UNSUPPORTED_FEATURE | VERSION_COMPATIBILITY_ERROR,1,2,True,MISSING_UNSUPPORTED_FEATURE | VERSION_COMPATIBILITY_ERROR,62bf6afb-2966-4c67-be50-da7ab89c2378,nvidia_all_merged.jsonl,1030
paritytech__ink-2100,Defect_Type,MISSING_UNSUPPORTED_FEATURE | RESOURCE_MANAGEMENT_ERROR,RESOURCE_MANAGEMENT_ERROR,1,SWE-agent + Qwen,RESOURCE_MANAGEMENT_ERROR,1,1,False,RESOURCE_MANAGEMENT_ERROR,852f9eb5-bf3f-4720-8c0a-81968bf10f00,nvidia_all_merged.jsonl,3009
pbiswas101__mathball-131,Defect_Type,INPUT_VALIDATION_ERROR | MISSING_UNSUPPORTED_FEATURE,MISSING_UNSUPPORTED_FEATURE,1,SWE-agent + Qwen,MISSING_UNSUPPORTED_FEATURE,1,1,False,MISSING_UNSUPPORTED_FEATURE,c1cbfe2c-6441-4c9f-9899-b0067ece86d0,nvidia_all_merged.jsonl,2880
pennylaneai__pennylane-1464,Defect_Type,API_CONTRACT_ERROR | TYPE_SCHEMA_ERROR,TYPE_SCHEMA_ERROR,2,SWE-agent + MiniMax,TYPE_SCHEMA_ERROR,1,1,False,TYPE_SCHEMA_ERROR,e3fd2e33-56b0-48e8-aa0a-57a4d22c2f7e,nvidia_all_merged.jsonl,2717
pennylaneai__pennylane-4827,Defect_Type,API_CONTRACT_ERROR | VERSION_COMPATIBILITY_ERROR,API_CONTRACT_ERROR,3,OpenHands + Qwen,API_CONTRACT_ERROR,1,1,False,API_CONTRACT_ERROR,cbb5547d-e90c-45aa-ac20-78dc73cc934d,nvidia_all_merged.jsonl,1088
pennylaneai__pennylane-5063,Defect_Type,ALGORITHM_LOGIC_ERROR | API_CONTRACT_ERROR,ALGORITHM_LOGIC_ERROR,1,SWE-agent + Qwen,ALGORITHM_LOGIC_ERROR,1,1,False,ALGORITHM_LOGIC_ERROR,ef4eee08-0ec6-4837-ac9d-dd200d3b25ea,nvidia_all_merged.jsonl,2876
phpactor__phpactor-2273,Defect_Type,API_CONTRACT_ERROR | CONFIGURATION_ARGUMENT_ERROR | TYPE_SCHEMA_ERROR,API_CONTRACT_ERROR,2,SWE-agent + MiniMax,API_CONTRACT_ERROR,1,1,False,API_CONTRACT_ERROR,8d464145-ca75-4612-89df-472e3afe4f74,nvidia_all_merged.jsonl,2668
phpoffice__phpspreadsheet-4080,Defect_Type,MISSING_UNSUPPORTED_FEATURE | RETURN_VALUE_ERROR,RETURN_VALUE_ERROR,2,SWE-agent + MiniMax,RETURN_VALUE_ERROR,1,1,False,RETURN_VALUE_ERROR,dc71a6a3-39de-4d6a-96f0-0b5c8a4e9d53,nvidia_all_merged.jsonl,1964
phpoffice__phpspreadsheet-4326,Defect_Type,SERIALIZATION_FORMAT_ERROR | STATE_LIFECYCLE_ERROR,SERIALIZATION_FORMAT_ERROR,2,SWE-agent + MiniMax,SERIALIZATION_FORMAT_ERROR,2,2,False,SERIALIZATION_FORMAT_ERROR,58dbf5e9-5f4a-4704-b92a-33e45d40f206,nvidia_all_merged.jsonl,2454
pingcap__tidb-tools-847,Defect_Type,API_CONTRACT_ERROR | CONFIGURATION_ARGUMENT_ERROR,API_CONTRACT_ERROR,4,OpenHands + MiniMax,API_CONTRACT_ERROR | CONFIGURATION_ARGUMENT_ERROR,1,2,True,API_CONTRACT_ERROR | CONFIGURATION_ARGUMENT_ERROR,bb8b65cf-dcd2-4595-82b4-65c930e4a188,nvidia_all_merged.jsonl,1053
pion__ice-34,Defect_Type,ALGORITHM_LOGIC_ERROR | NETWORK_PROTOCOL_ERROR,ALGORITHM_LOGIC_ERROR,1,SWE-agent + Qwen,ALGORITHM_LOGIC_ERROR,1,1,False,ALGORITHM_LOGIC_ERROR,8af87b91-0bc7-4bc3-b308-27b93fc4eb51,nvidia_all_merged.jsonl,2994
pions__webrtc-543,Defect_Type,EXCEPTION_HANDLING_ERROR | STATE_LIFECYCLE_ERROR,EXCEPTION_HANDLING_ERROR,3,OpenHands + Qwen,EXCEPTION_HANDLING_ERROR,1,1,False,EXCEPTION_HANDLING_ERROR,bf627a41-758d-4148-8aee-9ca29643b06b,nvidia_all_merged.jsonl,1588
pipxproject__pipx-530,Defect_Type,ALGORITHM_LOGIC_ERROR | DATA_MUTATION_LOSS_ERROR,ALGORITHM_LOGIC_ERROR,4,OpenHands + MiniMax,ALGORITHM_LOGIC_ERROR | DATA_MUTATION_LOSS_ERROR,1,2,True,ALGORITHM_LOGIC_ERROR | DATA_MUTATION_LOSS_ERROR,2bce5c5a-4e0b-477e-ada4-db6372f74dec,nvidia_all_merged.jsonl,750
platers__obsidian-linter-762,Defect_Type,API_CONTRACT_ERROR | CONFIGURATION_ARGUMENT_ERROR,CONFIGURATION_ARGUMENT_ERROR,2,SWE-agent + MiniMax,API_CONTRACT_ERROR | CONFIGURATION_ARGUMENT_ERROR,1,2,True,API_CONTRACT_ERROR | CONFIGURATION_ARGUMENT_ERROR,0aee37f3-2d69-4811-96e6-d5d52a074e9a,nvidia_all_merged.jsonl,2489
platers__obsidian-linter-979,Defect_Type,ALGORITHM_LOGIC_ERROR | ORDERING_ERROR,ALGORITHM_LOGIC_ERROR,1,SWE-agent + Qwen,ALGORITHM_LOGIC_ERROR,1,1,False,ALGORITHM_LOGIC_ERROR,fe07b3ae-b2bd-43b2-98f1-41868e7db324,nvidia_all_merged.jsonl,3094
postlund__pyatv-1098,Defect_Type,MISSING_UNSUPPORTED_FEATURE | NETWORK_PROTOCOL_ERROR,MISSING_UNSUPPORTED_FEATURE,1,SWE-agent + Qwen,MISSING_UNSUPPORTED_FEATURE,1,1,False,MISSING_UNSUPPORTED_FEATURE,fe9f3b56-6084-4ba5-9eaa-39c891bd05c3,nvidia_all_merged.jsonl,3108
primefaces__primefaces-13561,Defect_Type,MISSING_UNSUPPORTED_FEATURE | RENDERING_FORMATTING_ERROR,RENDERING_FORMATTING_ERROR,1,SWE-agent + Qwen,RENDERING_FORMATTING_ERROR,1,1,False,RENDERING_FORMATTING_ERROR,1706a0aa-424c-4bf4-a4c5-3b607e36c5dd,nvidia_all_merged.jsonl,3193
projectevergreen__wcc-184,Defect_Type,DATA_MUTATION_LOSS_ERROR | SERIALIZATION_FORMAT_ERROR,DATA_MUTATION_LOSS_ERROR,2,SWE-agent + MiniMax,DATA_MUTATION_LOSS_ERROR,1,1,False,DATA_MUTATION_LOSS_ERROR,dd1a815b-0c2a-49fd-8d48-5798bb71f033,nvidia_all_merged.jsonl,2189
prql__prql-564,Defect_Type,ALGORITHM_LOGIC_ERROR | MISSING_UNSUPPORTED_FEATURE,ALGORITHM_LOGIC_ERROR,2,SWE-agent + MiniMax,ALGORITHM_LOGIC_ERROR,1,1,False,ALGORITHM_LOGIC_ERROR,4d9f5f51-df4e-46c6-a959-e3b0f1550286,nvidia_all_merged.jsonl,2652
puppetlabs__wash-229,Defect_Type,API_CONTRACT_ERROR | MISSING_UNSUPPORTED_FEATURE,API_CONTRACT_ERROR,2,SWE-agent + MiniMax,API_CONTRACT_ERROR | MISSING_UNSUPPORTED_FEATURE,1,2,True,API_CONTRACT_ERROR | MISSING_UNSUPPORTED_FEATURE,16b5b20f-b293-43b4-9b7f-031dc8fc5c2a,nvidia_all_merged.jsonl,2330
py-cov-action__python-coverage-comment-action-323,Defect_Type,ALGORITHM_LOGIC_ERROR | MISSING_UNSUPPORTED_FEATURE,ALGORITHM_LOGIC_ERROR,2,SWE-agent + MiniMax,ALGORITHM_LOGIC_ERROR | MISSING_UNSUPPORTED_FEATURE,1,2,True,ALGORITHM_LOGIC_ERROR | MISSING_UNSUPPORTED_FEATURE,1a3be338-add3-4397-9d62-6bd4526dc7b0,nvidia_all_merged.jsonl,2383
py-cov-action__python-coverage-comment-action-84,Defect_Type,API_CONTRACT_ERROR | VERSION_COMPATIBILITY_ERROR,VERSION_COMPATIBILITY_ERROR,2,SWE-agent + MiniMax,VERSION_COMPATIBILITY_ERROR,1,1,False,VERSION_COMPATIBILITY_ERROR,c2587625-1dee-41a1-a2fc-969410370683,nvidia_all_merged.jsonl,2223
pybamm-team__pybamm-4650,Defect_Type,MISSING_UNSUPPORTED_FEATURE | RENDERING_FORMATTING_ERROR,RENDERING_FORMATTING_ERROR,2,SWE-agent + MiniMax,MISSING_UNSUPPORTED_FEATURE | RENDERING_FORMATTING_ERROR,1,2,True,MISSING_UNSUPPORTED_FEATURE | RENDERING_FORMATTING_ERROR,019b78d9-195c-48d0-960c-9b601a999036,nvidia_all_merged.jsonl,2147
pyccel__pyccel-2082,Defect_Type,MISSING_UNSUPPORTED_FEATURE | TYPE_SCHEMA_ERROR,MISSING_UNSUPPORTED_FEATURE,1,SWE-agent + Qwen,MISSING_UNSUPPORTED_FEATURE,1,1,False,MISSING_UNSUPPORTED_FEATURE,8f38745e-e85f-4d72-8e3c-c224a21c2887,nvidia_all_merged.jsonl,3378
pyjanitor-devs__pyjanitor-1029,Defect_Type,API_CONTRACT_ERROR | MISSING_UNSUPPORTED_FEATURE,MISSING_UNSUPPORTED_FEATURE,2,SWE-agent + MiniMax,MISSING_UNSUPPORTED_FEATURE,1,1,False,MISSING_UNSUPPORTED_FEATURE,57eaba38-d315-4787-886b-ab855f3b4be1,nvidia_all_merged.jsonl,2528
pyjanitor-devs__pyjanitor-1112,Defect_Type,CALCULATION_NUMERICAL_ERROR | MISSING_UNSUPPORTED_FEATURE,MISSING_UNSUPPORTED_FEATURE,1,SWE-agent + Qwen,MISSING_UNSUPPORTED_FEATURE,2,2,False,MISSING_UNSUPPORTED_FEATURE,4d91eca0-3b84-4a27-b174-752c11eb6180,nvidia_all_merged.jsonl,3251
python-markdown__markdown-1071,Defect_Type,RENDERING_FORMATTING_ERROR | SERIALIZATION_FORMAT_ERROR,RENDERING_FORMATTING_ERROR,2,SWE-agent + MiniMax,RENDERING_FORMATTING_ERROR,1,1,False,RENDERING_FORMATTING_ERROR,fd9fc7fd-6acd-4a28-9fd6-9ddc39843c78,nvidia_all_merged.jsonl,2142
qiskit-community__ffsim-88,Defect_Type,API_CONTRACT_ERROR | CONFIGURATION_ARGUMENT_ERROR,API_CONTRACT_ERROR,1,SWE-agent + Qwen,API_CONTRACT_ERROR,1,1,False,API_CONTRACT_ERROR,013a799a-9e1a-4f72-a423-32fe878bee59,nvidia_all_merged.jsonl,3331
qiskit__qiskit-ibm-runtime-514,Defect_Type,CONFIGURATION_ARGUMENT_ERROR | STATE_LIFECYCLE_ERROR,STATE_LIFECYCLE_ERROR,2,SWE-agent + MiniMax,STATE_LIFECYCLE_ERROR,1,1,False,STATE_LIFECYCLE_ERROR,e2cced45-97aa-417c-a95b-79a35fc387e9,nvidia_all_merged.jsonl,2331
randombit__botan-4222,Defect_Type,ALGORITHM_LOGIC_ERROR | SERIALIZATION_FORMAT_ERROR,ALGORITHM_LOGIC_ERROR,2,SWE-agent + MiniMax,ALGORITHM_LOGIC_ERROR | SERIALIZATION_FORMAT_ERROR,1,2,True,ALGORITHM_LOGIC_ERROR | SERIALIZATION_FORMAT_ERROR,32dd1d9b-5575-4c37-80f8-38625b3da590,nvidia_all_merged.jsonl,2455
reactphp__promise-248,Defect_Type,MISSING_UNSUPPORTED_FEATURE | STATE_LIFECYCLE_ERROR,MISSING_UNSUPPORTED_FEATURE,3,OpenHands + Qwen,MISSING_UNSUPPORTED_FEATURE,1,1,False,MISSING_UNSUPPORTED_FEATURE,c9912f02-2324-4aaf-9fef-fb9a6fca2951,nvidia_all_merged.jsonl,1657
reduxjs__redux-toolkit-943,Defect_Type,API_CONTRACT_ERROR | RETURN_VALUE_ERROR,API_CONTRACT_ERROR,2,SWE-agent + MiniMax,API_CONTRACT_ERROR | RETURN_VALUE_ERROR,2,3,False,API_CONTRACT_ERROR,22a0209e-844d-4745-9469-db71b7a31c24,nvidia_all_merged.jsonl,2559
remotemobprogramming__mob-421,Defect_Type,MISSING_UNSUPPORTED_FEATURE | RETURN_VALUE_ERROR,RETURN_VALUE_ERROR,1,SWE-agent + Qwen,MISSING_UNSUPPORTED_FEATURE | RETURN_VALUE_ERROR,1,2,True,MISSING_UNSUPPORTED_FEATURE | RETURN_VALUE_ERROR,ff3410ec-311b-4df4-a3c7-c41bd7b6593b,nvidia_all_merged.jsonl,3071
remy__nodemon-1167,Defect_Type,ASYNC_EVENT_SCHEDULING_ERROR | STATE_LIFECYCLE_ERROR,STATE_LIFECYCLE_ERROR,4,OpenHands + MiniMax,ASYNC_EVENT_SCHEDULING_ERROR | STATE_LIFECYCLE_ERROR,2,3,False,STATE_LIFECYCLE_ERROR,fc9e8ff9-56f8-4d0a-9471-11803355d964,nvidia_all_merged.jsonl,672
robintail__express-zod-api-714,Defect_Type,ALGORITHM_LOGIC_ERROR | NETWORK_PROTOCOL_ERROR,ALGORITHM_LOGIC_ERROR,2,SWE-agent + MiniMax,ALGORITHM_LOGIC_ERROR,1,1,False,ALGORITHM_LOGIC_ERROR,a46dd316-533c-4b5f-b9da-2c15a75a4a5d,nvidia_all_merged.jsonl,1980
roboll__helmfile-2121,Defect_Type,RENDERING_FORMATTING_ERROR | VERSION_COMPATIBILITY_ERROR,RENDERING_FORMATTING_ERROR,4,OpenHands + MiniMax,RENDERING_FORMATTING_ERROR | VERSION_COMPATIBILITY_ERROR,1,2,True,RENDERING_FORMATTING_ERROR | VERSION_COMPATIBILITY_ERROR,402bfba6-7f96-4e56-aec2-6838be6781c0,nvidia_all_merged.jsonl,856
roskakori__pygount-43,Defect_Type,API_CONTRACT_ERROR | RENDERING_FORMATTING_ERROR,RENDERING_FORMATTING_ERROR,1,SWE-agent + Qwen,RENDERING_FORMATTING_ERROR,1,1,False,RENDERING_FORMATTING_ERROR,dcddc941-245b-41a7-b2b1-c0ab33649eb7,nvidia_all_merged.jsonl,3240
rsteube__carapace-683,Defect_Type,API_CONTRACT_ERROR | MISSING_UNSUPPORTED_FEATURE,MISSING_UNSUPPORTED_FEATURE,1,SWE-agent + Qwen,MISSING_UNSUPPORTED_FEATURE,1,1,False,MISSING_UNSUPPORTED_FEATURE,bd7d7d03-cdd2-489f-8ecb-966b76da18fb,nvidia_all_merged.jsonl,3095
rust-lang__annotate-snippets-rs-3,Defect_Type,MISSING_UNSUPPORTED_FEATURE | RENDERING_FORMATTING_ERROR,MISSING_UNSUPPORTED_FEATURE,1,SWE-agent + Qwen,MISSING_UNSUPPORTED_FEATURE,1,1,False,MISSING_UNSUPPORTED_FEATURE,6319330c-db8f-4bea-a641-564b66fbbc55,nvidia_all_merged.jsonl,3142
rust-lang__rust-analyzer-14863,Defect_Type,ALGORITHM_LOGIC_ERROR | MISSING_UNSUPPORTED_FEATURE,ALGORITHM_LOGIC_ERROR,3,OpenHands + Qwen,ALGORITHM_LOGIC_ERROR | MISSING_UNSUPPORTED_FEATURE,1,2,True,ALGORITHM_LOGIC_ERROR | MISSING_UNSUPPORTED_FEATURE,f867096f-bdc9-40d2-95b2-b76f3fddf24e,nvidia_all_merged.jsonl,1654
rust-lang__rust-analyzer-14878,Defect_Type,MISSING_UNSUPPORTED_FEATURE | TYPE_SCHEMA_ERROR,MISSING_UNSUPPORTED_FEATURE,3,OpenHands + Qwen,MISSING_UNSUPPORTED_FEATURE,1,1,False,MISSING_UNSUPPORTED_FEATURE,a1d0361e-8c42-4c57-968b-e41b2ff50fa7,nvidia_all_merged.jsonl,1727
rust-phf__rust-phf-342,Defect_Type,ALGORITHM_LOGIC_ERROR | MISSING_UNSUPPORTED_FEATURE,ALGORITHM_LOGIC_ERROR,2,SWE-agent + MiniMax,ALGORITHM_LOGIC_ERROR,1,1,False,ALGORITHM_LOGIC_ERROR,899b5742-0a6f-45ae-9b00-87c097c6a1c5,nvidia_all_merged.jsonl,2336
s-knibbs__dataclasses-jsonschema-78,Defect_Type,MISSING_UNSUPPORTED_FEATURE | TYPE_SCHEMA_ERROR,TYPE_SCHEMA_ERROR,2,SWE-agent + MiniMax,MISSING_UNSUPPORTED_FEATURE | TYPE_SCHEMA_ERROR,1,2,True,MISSING_UNSUPPORTED_FEATURE | TYPE_SCHEMA_ERROR,ea8ab933-db51-4827-8465-45753d30c409,nvidia_all_merged.jsonl,2521
sage__carbon-5474,Defect_Type,RENDERING_FORMATTING_ERROR | STATE_LIFECYCLE_ERROR,RENDERING_FORMATTING_ERROR,3,OpenHands + Qwen,RENDERING_FORMATTING_ERROR | STATE_LIFECYCLE_ERROR,1,2,True,RENDERING_FORMATTING_ERROR | STATE_LIFECYCLE_ERROR,9b363325-a4fa-4223-8328-7a1c2bd8a70a,nvidia_all_merged.jsonl,1761
salsa-rs__salsa-105,Defect_Type,CACHE_INVALIDATION_ERROR | STATE_LIFECYCLE_ERROR,STATE_LIFECYCLE_ERROR,2,SWE-agent + MiniMax,STATE_LIFECYCLE_ERROR,1,1,False,STATE_LIFECYCLE_ERROR,04c52bd4-86c7-46b4-a722-4346f323226a,nvidia_all_merged.jsonl,1902
salsa-rs__salsa-362,Defect_Type,API_CONTRACT_ERROR | MISSING_UNSUPPORTED_FEATURE,MISSING_UNSUPPORTED_FEATURE,2,SWE-agent + MiniMax,API_CONTRACT_ERROR | MISSING_UNSUPPORTED_FEATURE,1,2,True,API_CONTRACT_ERROR | MISSING_UNSUPPORTED_FEATURE,612ca83d-509a-4863-82b7-7e5d94fbf0da,nvidia_all_merged.jsonl,2574
scimmyjs__scimmy-49,Defect_Type,API_CONTRACT_ERROR | INPUT_VALIDATION_ERROR,INPUT_VALIDATION_ERROR,1,SWE-agent + Qwen,INPUT_VALIDATION_ERROR,1,1,False,INPUT_VALIDATION_ERROR,7730b500-d4e6-47a7-a06a-61c9446213e3,nvidia_all_merged.jsonl,3158
seaofvoices__darklua-251,Defect_Type,CALCULATION_NUMERICAL_ERROR | SERIALIZATION_FORMAT_ERROR,CALCULATION_NUMERICAL_ERROR,3,OpenHands + Qwen,CALCULATION_NUMERICAL_ERROR,1,1,False,CALCULATION_NUMERICAL_ERROR,2210a404-09e2-477c-b110-712f161d49ed,nvidia_all_merged.jsonl,1230
semantic-release__semantic-release-553,Defect_Type,API_CONTRACT_ERROR | RETURN_VALUE_ERROR,RETURN_VALUE_ERROR,2,SWE-agent + MiniMax,API_CONTRACT_ERROR | RETURN_VALUE_ERROR,1,2,True,API_CONTRACT_ERROR | RETURN_VALUE_ERROR,a5efce3c-c27b-4dc7-9423-6216a6ced806,nvidia_all_merged.jsonl,2536
sharkdp__numbat-232,Defect_Type,ALGORITHM_LOGIC_ERROR | RENDERING_FORMATTING_ERROR,ALGORITHM_LOGIC_ERROR,2,SWE-agent + MiniMax,ALGORITHM_LOGIC_ERROR,2,2,False,ALGORITHM_LOGIC_ERROR,6dd6a6ec-8f5a-494f-98ba-89f9abf175dd,nvidia_all_merged.jsonl,2662
shlinkio__shlink-web-client-359,Defect_Type,API_CONTRACT_ERROR | MISSING_UNSUPPORTED_FEATURE,API_CONTRACT_ERROR,2,SWE-agent + MiniMax,API_CONTRACT_ERROR | MISSING_UNSUPPORTED_FEATURE,1,2,True,API_CONTRACT_ERROR | MISSING_UNSUPPORTED_FEATURE,38fffb99-d61f-4e91-9793-6e2769cf14be,nvidia_all_merged.jsonl,2088
shlinkio__shlink-web-client-470,Defect_Type,API_CONTRACT_ERROR | MISSING_UNSUPPORTED_FEATURE,MISSING_UNSUPPORTED_FEATURE,2,SWE-agent + MiniMax,API_CONTRACT_ERROR | MISSING_UNSUPPORTED_FEATURE,1,2,True,API_CONTRACT_ERROR | MISSING_UNSUPPORTED_FEATURE,002f8d75-f21c-45cb-973a-c4e0e7d0b9d2,nvidia_all_merged.jsonl,2309
shopware__frontends-1215,Defect_Type,MISSING_UNSUPPORTED_FEATURE | RENDERING_FORMATTING_ERROR,MISSING_UNSUPPORTED_FEATURE,1,SWE-agent + Qwen,MISSING_UNSUPPORTED_FEATURE | RENDERING_FORMATTING_ERROR,1,2,True,MISSING_UNSUPPORTED_FEATURE | RENDERING_FORMATTING_ERROR,54957900-3d86-412a-a8c1-7557537e2615,nvidia_all_merged.jsonl,3453
sindresorhus__dot-prop-90,Defect_Type,API_CONTRACT_ERROR | MISSING_UNSUPPORTED_FEATURE,API_CONTRACT_ERROR,3,OpenHands + Qwen,API_CONTRACT_ERROR,1,1,False,API_CONTRACT_ERROR,c72d88a3-5ce6-4cf1-aedc-31bfafd8753b,nvidia_all_merged.jsonl,1452
sindresorhus__is-97,Defect_Type,MISSING_UNSUPPORTED_FEATURE | TYPE_SCHEMA_ERROR,TYPE_SCHEMA_ERROR,1,SWE-agent + Qwen,MISSING_UNSUPPORTED_FEATURE | TYPE_SCHEMA_ERROR,1,2,True,MISSING_UNSUPPORTED_FEATURE | TYPE_SCHEMA_ERROR,6ff852be-6343-4375-875b-0be1882c2694,nvidia_all_merged.jsonl,3369
sjbarag__brs-323,Defect_Type,MISSING_UNSUPPORTED_FEATURE | RETURN_VALUE_ERROR,MISSING_UNSUPPORTED_FEATURE,1,SWE-agent + Qwen,MISSING_UNSUPPORTED_FEATURE,1,1,False,MISSING_UNSUPPORTED_FEATURE,331d811e-3f59-4e07-99af-fc93179cdbcd,nvidia_all_merged.jsonl,3310
sktime__sktime-5570,Defect_Type,MISSING_UNSUPPORTED_FEATURE | PERFORMANCE_SCALABILITY_ERROR,MISSING_UNSUPPORTED_FEATURE,1,SWE-agent + Qwen,MISSING_UNSUPPORTED_FEATURE | PERFORMANCE_SCALABILITY_ERROR,1,2,True,MISSING_UNSUPPORTED_FEATURE | PERFORMANCE_SCALABILITY_ERROR,85328802-eea6-466f-82f4-53b1b9f69c4f,nvidia_all_merged.jsonl,3403
solid__community-server-330,Defect_Type,API_CONTRACT_ERROR | FILE_PATH_ERROR | MISSING_UNSUPPORTED_FEATURE,FILE_PATH_ERROR,2,SWE-agent + MiniMax,FILE_PATH_ERROR | MISSING_UNSUPPORTED_FEATURE,1,2,True,FILE_PATH_ERROR | MISSING_UNSUPPORTED_FEATURE,57ff2062-3ccc-42e5-95d4-8fd7b9320524,nvidia_all_merged.jsonl,2402
solid__community-server-697,Defect_Type,API_CONTRACT_ERROR | MISSING_UNSUPPORTED_FEATURE,API_CONTRACT_ERROR,4,OpenHands + MiniMax,API_CONTRACT_ERROR | MISSING_UNSUPPORTED_FEATURE,1,2,True,API_CONTRACT_ERROR | MISSING_UNSUPPORTED_FEATURE,3468b5f6-6521-44c3-a004-04c88d8d96e7,nvidia_all_merged.jsonl,472
solid__community-server-825,Defect_Type,CONFIGURATION_ARGUMENT_ERROR | MISSING_UNSUPPORTED_FEATURE,CONFIGURATION_ARGUMENT_ERROR,2,SWE-agent + MiniMax,CONFIGURATION_ARGUMENT_ERROR,1,1,False,CONFIGURATION_ARGUMENT_ERROR,fc6cd607-f082-4a2a-b546-e57f2c8809c3,nvidia_all_merged.jsonl,2610
stfc__psyclone-3037,Defect_Type,ALGORITHM_LOGIC_ERROR | API_CONTRACT_ERROR | ORDERING_ERROR,ORDERING_ERROR,2,SWE-agent + MiniMax,ORDERING_ERROR,2,2,False,ORDERING_ERROR,334c2639-010f-41a1-b93d-cb7b078554e5,nvidia_all_merged.jsonl,2493
stoplightio__spectral-758,Defect_Type,CONFIGURATION_ARGUMENT_ERROR | MISSING_UNSUPPORTED_FEATURE,CONFIGURATION_ARGUMENT_ERROR,2,SWE-agent + MiniMax,CONFIGURATION_ARGUMENT_ERROR | MISSING_UNSUPPORTED_FEATURE,1,2,True,CONFIGURATION_ARGUMENT_ERROR | MISSING_UNSUPPORTED_FEATURE,9cf22fe6-7605-42a4-aa65-ebcf4c86be56,nvidia_all_merged.jsonl,2620
stylelint__vscode-stylelint-635,Defect_Type,API_CONTRACT_ERROR | MISSING_UNSUPPORTED_FEATURE,API_CONTRACT_ERROR,2,SWE-agent + MiniMax,API_CONTRACT_ERROR,1,1,False,API_CONTRACT_ERROR,4f64989d-59a3-4b76-8c50-3a5ec82cc636,nvidia_all_merged.jsonl,1945
swc-project__swc-7508,Defect_Type,ALGORITHM_LOGIC_ERROR | STATE_LIFECYCLE_ERROR,STATE_LIFECYCLE_ERROR,1,SWE-agent + Qwen,STATE_LIFECYCLE_ERROR,2,2,False,STATE_LIFECYCLE_ERROR,65ff34ab-9933-48e5-b8e6-ee5579068f22,nvidia_all_merged.jsonl,3216
swc-project__swc-7932,Defect_Type,ALGORITHM_LOGIC_ERROR | SYNTAX_PARSE_ERROR,SYNTAX_PARSE_ERROR,2,SWE-agent + MiniMax,ALGORITHM_LOGIC_ERROR | SYNTAX_PARSE_ERROR,1,2,True,ALGORITHM_LOGIC_ERROR | SYNTAX_PARSE_ERROR,c227fc60-d502-4144-b222-5772d9db2b39,nvidia_all_merged.jsonl,2259
swc-project__swc-8280,Defect_Type,ALGORITHM_LOGIC_ERROR | MISSING_UNSUPPORTED_FEATURE,MISSING_UNSUPPORTED_FEATURE,3,OpenHands + Qwen,ALGORITHM_LOGIC_ERROR | MISSING_UNSUPPORTED_FEATURE,1,2,True,ALGORITHM_LOGIC_ERROR | MISSING_UNSUPPORTED_FEATURE,137c9467-e4ff-47db-a2fd-e546e61a9018,nvidia_all_merged.jsonl,1494
swc-project__swc-8619,Defect_Type,MISSING_UNSUPPORTED_FEATURE | STATE_LIFECYCLE_ERROR,MISSING_UNSUPPORTED_FEATURE,1,SWE-agent + Qwen,MISSING_UNSUPPORTED_FEATURE,1,1,False,MISSING_UNSUPPORTED_FEATURE,42fb96a2-52a6-4cc8-ab3a-ecec169c78fd,nvidia_all_merged.jsonl,3028
tannerlinsley__react-query-2947,Defect_Type,MISSING_UNSUPPORTED_FEATURE | RENDERING_FORMATTING_ERROR,MISSING_UNSUPPORTED_FEATURE,1,SWE-agent + Qwen,MISSING_UNSUPPORTED_FEATURE | RENDERING_FORMATTING_ERROR,1,2,True,MISSING_UNSUPPORTED_FEATURE | RENDERING_FORMATTING_ERROR,e38cc06f-9c2d-4185-9640-06e8ccc4493d,nvidia_all_merged.jsonl,3164
tanstack__router-3269,Defect_Type,API_CONTRACT_ERROR | MISSING_UNSUPPORTED_FEATURE | STATE_LIFECYCLE_ERROR,API_CONTRACT_ERROR,2,SWE-agent + MiniMax,API_CONTRACT_ERROR,1,1,False,API_CONTRACT_ERROR,c8bde671-152b-427f-9ae8-3eea3d63360e,nvidia_all_merged.jsonl,2057
tetratelabs__wazero-1963,Defect_Type,BOUNDARY_RANGE_ERROR | STATE_LIFECYCLE_ERROR,STATE_LIFECYCLE_ERROR,1,SWE-agent + Qwen,STATE_LIFECYCLE_ERROR,1,1,False,STATE_LIFECYCLE_ERROR,27790725-6b98-4fa8-92d6-d5a25a47c01e,nvidia_all_merged.jsonl,2776
thehubbleproject__hubble-contracts-667,Defect_Type,API_CONTRACT_ERROR | MISSING_UNSUPPORTED_FEATURE,API_CONTRACT_ERROR,2,SWE-agent + MiniMax,API_CONTRACT_ERROR,1,1,False,API_CONTRACT_ERROR,481d7ae2-98db-4b72-8130-7020b463dc3b,nvidia_all_merged.jsonl,1864
thelounge__thelounge-3998,Defect_Type,API_CONTRACT_ERROR | MISSING_UNSUPPORTED_FEATURE,API_CONTRACT_ERROR,1,SWE-agent + Qwen,API_CONTRACT_ERROR,1,1,False,API_CONTRACT_ERROR,813e8248-14a2-4468-9f5b-fb9f0bae5e39,nvidia_all_merged.jsonl,3318
thephpleague__commonmark-871,Defect_Type,RENDERING_FORMATTING_ERROR | SYNTAX_PARSE_ERROR,SYNTAX_PARSE_ERROR,2,SWE-agent + MiniMax,RENDERING_FORMATTING_ERROR | SYNTAX_PARSE_ERROR,1,2,True,RENDERING_FORMATTING_ERROR | SYNTAX_PARSE_ERROR,76292151-79d7-4bc9-a7d9-87a5c8b12240,nvidia_all_merged.jsonl,2535
thephpleague__oauth2-client-1032,Defect_Type,API_CONTRACT_ERROR | INPUT_VALIDATION_ERROR,API_CONTRACT_ERROR,2,SWE-agent + MiniMax,API_CONTRACT_ERROR,1,1,False,API_CONTRACT_ERROR,d79b4c9e-1a63-4e4e-a80a-332e40ac0035,nvidia_all_merged.jsonl,2090
thephpleague__oauth2-server-1215,Defect_Type,INPUT_VALIDATION_ERROR | MISSING_UNSUPPORTED_FEATURE,MISSING_UNSUPPORTED_FEATURE,2,SWE-agent + MiniMax,MISSING_UNSUPPORTED_FEATURE,1,1,False,MISSING_UNSUPPORTED_FEATURE,50b245a0-0a69-4e16-9988-9bc643440bf9,nvidia_all_merged.jsonl,2077
tikv__client-go-942,Defect_Type,ALGORITHM_LOGIC_ERROR | STATE_LIFECYCLE_ERROR,STATE_LIFECYCLE_ERROR,1,SWE-agent + Qwen,STATE_LIFECYCLE_ERROR,1,1,False,STATE_LIFECYCLE_ERROR,fd525fd1-5dc7-4890-875c-985dc9c654a5,nvidia_all_merged.jsonl,2777
tinylibs__tinybench-150,Defect_Type,API_CONTRACT_ERROR | MISSING_UNSUPPORTED_FEATURE,MISSING_UNSUPPORTED_FEATURE,2,SWE-agent + MiniMax,MISSING_UNSUPPORTED_FEATURE,2,2,False,MISSING_UNSUPPORTED_FEATURE,a8b899b5-8744-40cf-b61c-eacfe2f46f4f,nvidia_all_merged.jsonl,2046
tjtanjin__react-chatbotify-212,Defect_Type,MISSING_UNSUPPORTED_FEATURE | TEST_DISCOVERY_EXECUTION_ERROR,MISSING_UNSUPPORTED_FEATURE,3,OpenHands + Qwen,MISSING_UNSUPPORTED_FEATURE,2,2,False,MISSING_UNSUPPORTED_FEATURE,49b3e461-8305-498c-b869-3b0c1584d034,nvidia_all_merged.jsonl,1389
tradingview__lightweight-charts-118,Defect_Type,BOUNDARY_RANGE_ERROR | MISSING_UNSUPPORTED_FEATURE,MISSING_UNSUPPORTED_FEATURE,1,SWE-agent + Qwen,BOUNDARY_RANGE_ERROR | MISSING_UNSUPPORTED_FEATURE,1,2,True,BOUNDARY_RANGE_ERROR | MISSING_UNSUPPORTED_FEATURE,50f246dd-ceb5-4c5c-8887-8fb2349f2c10,nvidia_all_merged.jsonl,3338
tweag__nickel-1848,Defect_Type,API_CONTRACT_ERROR | MISSING_UNSUPPORTED_FEATURE,API_CONTRACT_ERROR,2,SWE-agent + MiniMax,API_CONTRACT_ERROR | MISSING_UNSUPPORTED_FEATURE,1,2,True,API_CONTRACT_ERROR | MISSING_UNSUPPORTED_FEATURE,bc113adf-5cd5-4e3e-9798-c045a5b6a168,nvidia_all_merged.jsonl,2651
typedorm__typedorm-242,Defect_Type,API_CONTRACT_ERROR | MISSING_UNSUPPORTED_FEATURE,API_CONTRACT_ERROR,2,SWE-agent + MiniMax,API_CONTRACT_ERROR,1,1,False,API_CONTRACT_ERROR,7932900c-223d-400b-9a7e-b191f01a8311,nvidia_all_merged.jsonl,2630
typescript-eslint__tslint-to-eslint-config-650,Defect_Type,CONFIGURATION_ARGUMENT_ERROR | INPUT_VALIDATION_ERROR,CONFIGURATION_ARGUMENT_ERROR,1,SWE-agent + Qwen,CONFIGURATION_ARGUMENT_ERROR,1,1,False,CONFIGURATION_ARGUMENT_ERROR,00a0e422-2736-4ce2-9e08-6b381184f98f,nvidia_all_merged.jsonl,2788
vaskoz__dailycodingproblem-go-736,Defect_Type,ALGORITHM_LOGIC_ERROR | PERFORMANCE_SCALABILITY_ERROR,ALGORITHM_LOGIC_ERROR,1,SWE-agent + Qwen,ALGORITHM_LOGIC_ERROR,1,1,False,ALGORITHM_LOGIC_ERROR,d057e65a-6121-47f6-9460-145e2e3f2dc9,nvidia_all_merged.jsonl,3328
vega__vega-lite-702,Defect_Type,API_CONTRACT_ERROR | SERIALIZATION_FORMAT_ERROR,API_CONTRACT_ERROR,2,SWE-agent + MiniMax,API_CONTRACT_ERROR | SERIALIZATION_FORMAT_ERROR,1,2,True,API_CONTRACT_ERROR | SERIALIZATION_FORMAT_ERROR,0d97c5a0-57b4-49ce-b04f-78210b3ab530,nvidia_all_merged.jsonl,2413
vegaprotocol__vegawallet-368,Defect_Type,API_CONTRACT_ERROR | MISSING_UNSUPPORTED_FEATURE,API_CONTRACT_ERROR,1,SWE-agent + Qwen,API_CONTRACT_ERROR,1,1,False,API_CONTRACT_ERROR,335babe6-fbc5-4cbb-9597-588fddf15050,nvidia_all_merged.jsonl,3049
vegaprotocol__vegawallet-423,Defect_Type,CONFIGURATION_ARGUMENT_ERROR | INPUT_VALIDATION_ERROR,INPUT_VALIDATION_ERROR,2,SWE-agent + MiniMax,INPUT_VALIDATION_ERROR,1,1,False,INPUT_VALIDATION_ERROR,7b9375d7-8598-4898-b04d-0bb2bb15f435,nvidia_all_merged.jsonl,2144
vigetlabs__microcosm-406,Defect_Type,API_CONTRACT_ERROR | MISSING_UNSUPPORTED_FEATURE,MISSING_UNSUPPORTED_FEATURE,1,SWE-agent + Qwen,MISSING_UNSUPPORTED_FEATURE,1,1,False,MISSING_UNSUPPORTED_FEATURE,6e0454df-33fc-4d44-9f9d-ba572a90e47c,nvidia_all_merged.jsonl,3042
vuejs__eslint-plugin-vue-1222,Defect_Type,INPUT_VALIDATION_ERROR | MISSING_UNSUPPORTED_FEATURE,MISSING_UNSUPPORTED_FEATURE,2,SWE-agent + MiniMax,MISSING_UNSUPPORTED_FEATURE,1,1,False,MISSING_UNSUPPORTED_FEATURE,c42192b2-612e-456e-a046-baadf4c69462,nvidia_all_merged.jsonl,2488
vuejs__eslint-plugin-vue-1804,Defect_Type,INPUT_VALIDATION_ERROR | MISSING_UNSUPPORTED_FEATURE,MISSING_UNSUPPORTED_FEATURE,3,OpenHands + Qwen,MISSING_UNSUPPORTED_FEATURE,1,1,False,MISSING_UNSUPPORTED_FEATURE,fd379109-283a-4b41-b5f4-0ae031702e8d,nvidia_all_merged.jsonl,1255
webpack-contrib__copy-webpack-plugin-477,Defect_Type,CONFIGURATION_ARGUMENT_ERROR | MISSING_UNSUPPORTED_FEATURE,MISSING_UNSUPPORTED_FEATURE,2,SWE-agent + MiniMax,CONFIGURATION_ARGUMENT_ERROR | MISSING_UNSUPPORTED_FEATURE,1,2,True,CONFIGURATION_ARGUMENT_ERROR | MISSING_UNSUPPORTED_FEATURE,ef80d6fd-8582-4bee-810a-075a96a9fbe5,nvidia_all_merged.jsonl,2496
wix__detox-1948,Defect_Type,RESOURCE_MANAGEMENT_ERROR | STATE_LIFECYCLE_ERROR,STATE_LIFECYCLE_ERROR,1,SWE-agent + Qwen,STATE_LIFECYCLE_ERROR,2,2,False,STATE_LIFECYCLE_ERROR,5cea338d-6e3d-4811-bbdd-a1c85a7d2f7b,nvidia_all_merged.jsonl,3261
wix__detox-2552,Defect_Type,CONFIGURATION_ARGUMENT_ERROR | MISSING_UNSUPPORTED_FEATURE,MISSING_UNSUPPORTED_FEATURE,2,SWE-agent + MiniMax,MISSING_UNSUPPORTED_FEATURE,1,1,False,MISSING_UNSUPPORTED_FEATURE,e1ad6856-e345-461a-b9cc-6870a40102f6,nvidia_all_merged.jsonl,2243
wntrblm__nox-900,Defect_Type,API_CONTRACT_ERROR | CONFIGURATION_ARGUMENT_ERROR,API_CONTRACT_ERROR,1,SWE-agent + Qwen,API_CONTRACT_ERROR,1,1,False,API_CONTRACT_ERROR,aad12fff-a323-447b-8330-f9687f1a07e7,nvidia_all_merged.jsonl,3163
worksapplications__sudachi.rs-190,Defect_Type,ALGORITHM_LOGIC_ERROR | MISSING_UNSUPPORTED_FEATURE,ALGORITHM_LOGIC_ERROR,1,SWE-agent + Qwen,ALGORITHM_LOGIC_ERROR,1,1,False,ALGORITHM_LOGIC_ERROR,dc85f10f-8359-464b-958a-16c379661210,nvidia_all_merged.jsonl,3114
yonahd__kor-324,Defect_Type,API_CONTRACT_ERROR | INPUT_VALIDATION_ERROR,INPUT_VALIDATION_ERROR,2,SWE-agent + MiniMax,INPUT_VALIDATION_ERROR,1,1,False,INPUT_VALIDATION_ERROR,c22ff294-69fe-43ec-a855-6fc74418c20b,nvidia_all_merged.jsonl,1991
yshavit__mdq-185,Defect_Type,CONFIGURATION_ARGUMENT_ERROR | RENDERING_FORMATTING_ERROR,CONFIGURATION_ARGUMENT_ERROR,2,SWE-agent + MiniMax,CONFIGURATION_ARGUMENT_ERROR | RENDERING_FORMATTING_ERROR,1,2,True,CONFIGURATION_ARGUMENT_ERROR | RENDERING_FORMATTING_ERROR,04b73cad-64e1-4270-bba6-6311c8bb526f,nvidia_all_merged.jsonl,2082
yshavit__mdq-289,Defect_Type,API_CONTRACT_ERROR | MISSING_UNSUPPORTED_FEATURE,API_CONTRACT_ERROR,1,SWE-agent + Qwen,API_CONTRACT_ERROR,1,1,False,API_CONTRACT_ERROR,b7c306ae-a9fc-4d97-b9d0-a42b34ae10ea,nvidia_all_merged.jsonl,3122
armmbed__yotta-656,Problem_Domain,DEVELOPER_TOOLING | INPUT_VALIDATION_ERROR,DEVELOPER_TOOLING,2,SWE-agent + MiniMax,DEVELOPER_TOOLING,1,1,False,DEVELOPER_TOOLING,c5731824-3566-4854-9d95-68389e5f9e08,nvidia_all_merged.jsonl,2385
feathersjs__feathers-authentication-349,Problem_Domain,SECURITY_SOFTWARE | WEB_APPLICATION,WEB_APPLICATION,2,SWE-agent + MiniMax,WEB_APPLICATION,1,1,False,WEB_APPLICATION,d54ffebe-3f84-46c2-8789-c26116803d87,nvidia_all_merged.jsonl,1966
formidablelabs__urql-305,Problem_Domain,DEVELOPER_TOOLING | WEB_APPLICATION,DEVELOPER_TOOLING,1,SWE-agent + Qwen,DEVELOPER_TOOLING,1,1,False,DEVELOPER_TOOLING,b47e657e-6bb9-4eaf-bc27-e3701fb7307a,nvidia_all_merged.jsonl,2992
fppt__jedis-mock-67,Problem_Domain,DATA_DATABASE_SYSTEM | DEVELOPER_TOOLING,DEVELOPER_TOOLING,2,SWE-agent + MiniMax,DEVELOPER_TOOLING,1,1,False,DEVELOPER_TOOLING,0eb1e212-f2db-470f-addf-606aa80ad631,nvidia_all_merged.jsonl,2562
gakonst__ethers-rs-1653,Problem_Domain,DEVELOPER_TOOLING | GENERAL_SOFTWARE,DEVELOPER_TOOLING,2,SWE-agent + MiniMax,DEVELOPER_TOOLING,1,1,False,DEVELOPER_TOOLING,05e2421f-3d26-475b-9e55-d79d774170f0,nvidia_all_merged.jsonl,2462
getmoto__moto-6618,Problem_Domain,CLOUD_DISTRIBUTED_SYSTEM | DEVELOPER_TOOLING,DEVELOPER_TOOLING,1,SWE-agent + Qwen,DEVELOPER_TOOLING,1,1,False,DEVELOPER_TOOLING,49ab11e5-2435-45b1-91fe-ba8fe1af398a,nvidia_all_merged.jsonl,3205
go-kratos__kratos-3134,Problem_Domain,CLOUD_DISTRIBUTED_SYSTEM | WEB_APPLICATION,CLOUD_DISTRIBUTED_SYSTEM,1,SWE-agent + Qwen,CLOUD_DISTRIBUTED_SYSTEM,1,1,False,CLOUD_DISTRIBUTED_SYSTEM,974d6e1b-26df-4899-927c-203516538548,nvidia_all_merged.jsonl,2872
google__go-github-1384,Problem_Domain,DEVELOPER_TOOLING | GENERAL_SOFTWARE,GENERAL_SOFTWARE,1,SWE-agent + Qwen,DEVELOPER_TOOLING | GENERAL_SOFTWARE,1,2,True,DEVELOPER_TOOLING | GENERAL_SOFTWARE,6f0ed7c2-3160-4b19-a7e1-d88d3dc76206,nvidia_all_merged.jsonl,3333
google__go-github-1847,Problem_Domain,DEVELOPER_TOOLING | GENERAL_SOFTWARE,GENERAL_SOFTWARE,1,SWE-agent + Qwen,GENERAL_SOFTWARE,1,1,False,GENERAL_SOFTWARE,ddf14fee-19f4-49cd-96c1-679ebf6c1180,nvidia_all_merged.jsonl,3019
google__go-github-2235,Problem_Domain,DEVELOPER_TOOLING | GENERAL_SOFTWARE,GENERAL_SOFTWARE,1,SWE-agent + Qwen,GENERAL_SOFTWARE,1,1,False,GENERAL_SOFTWARE,5b1e7d4d-250f-4fa2-8ad5-a502aa5922d8,nvidia_all_merged.jsonl,2830
googlecloudplatform__cloud-sql-python-connector-475,Problem_Domain,CLOUD_DISTRIBUTED_SYSTEM | DATA_DATABASE_SYSTEM,DATA_DATABASE_SYSTEM,2,SWE-agent + MiniMax,CLOUD_DISTRIBUTED_SYSTEM | DATA_DATABASE_SYSTEM,1,2,True,CLOUD_DISTRIBUTED_SYSTEM | DATA_DATABASE_SYSTEM,375d5af3-f5c6-4ca1-998b-57c93a99a0e3,nvidia_all_merged.jsonl,2743
googlefonts__fontations-999,Problem_Domain,GRAPHICS_UI | MEDIA_PROCESSING,GRAPHICS_UI,4,OpenHands + MiniMax,GRAPHICS_UI | MEDIA_PROCESSING,1,2,True,GRAPHICS_UI | MEDIA_PROCESSING,369f90df-74d3-4087-8141-8273059debe6,nvidia_all_merged.jsonl,989
googlefonts__fontc-979,Problem_Domain,DEVELOPER_TOOLING | MEDIA_PROCESSING,MEDIA_PROCESSING,4,OpenHands + MiniMax,DEVELOPER_TOOLING | MEDIA_PROCESSING,1,2,True,DEVELOPER_TOOLING | MEDIA_PROCESSING,c03ab739-277e-4f01-b2b2-76ef6dfb2b30,nvidia_all_merged.jsonl,760
googlemaps__js-api-loader-99,Problem_Domain,DEVELOPER_TOOLING | WEB_APPLICATION,DEVELOPER_TOOLING,2,SWE-agent + MiniMax,DEVELOPER_TOOLING,2,2,False,DEVELOPER_TOOLING,71114bca-aa83-4d4a-943b-c6a4f6250daf,nvidia_all_merged.jsonl,2192
gpbl__react-day-picker-568,Problem_Domain,GRAPHICS_UI | WEB_APPLICATION,GRAPHICS_UI,2,SWE-agent + MiniMax,GRAPHICS_UI,1,1,False,GRAPHICS_UI,15f2ae5b-34f9-48b6-beb5-f3b88b90e857,nvidia_all_merged.jsonl,2452
helidon-io__helidon-7666,Problem_Domain,CLOUD_DISTRIBUTED_SYSTEM | WEB_APPLICATION,WEB_APPLICATION,1,SWE-agent + Qwen,WEB_APPLICATION,1,1,False,WEB_APPLICATION,8dbf4eb4-531b-407d-8c7d-d0ce3e421998,nvidia_all_merged.jsonl,3113
helm__helm-7217,Problem_Domain,CLOUD_DISTRIBUTED_SYSTEM | DEVELOPER_TOOLING,DEVELOPER_TOOLING,1,SWE-agent + Qwen,DEVELOPER_TOOLING,2,2,False,DEVELOPER_TOOLING,05756bba-6da8-4835-8434-ada1f87e8834,nvidia_all_merged.jsonl,3454
jedib0t__go-pretty-306,Problem_Domain,DEVELOPER_TOOLING | GENERAL_SOFTWARE,GENERAL_SOFTWARE,1,SWE-agent + Qwen,DEVELOPER_TOOLING | GENERAL_SOFTWARE,1,2,True,DEVELOPER_TOOLING | GENERAL_SOFTWARE,f132c9af-5795-4870-b2c0-c87d6b13e020,nvidia_all_merged.jsonl,3267
jenkins-x__lighthouse-1407,Problem_Domain,CLOUD_DISTRIBUTED_SYSTEM | DEVELOPER_TOOLING,CLOUD_DISTRIBUTED_SYSTEM,2,SWE-agent + MiniMax,CLOUD_DISTRIBUTED_SYSTEM,1,1,False,CLOUD_DISTRIBUTED_SYSTEM,cf6a1b34-497c-4f17-8ad2-c0c266a62270,nvidia_all_merged.jsonl,2490
jorgecarleitao__arrow2-1448,Problem_Domain,DATA_DATABASE_SYSTEM | GENERAL_SOFTWARE,DATA_DATABASE_SYSTEM,1,SWE-agent + Qwen,DATA_DATABASE_SYSTEM | GENERAL_SOFTWARE,1,2,True,DATA_DATABASE_SYSTEM | GENERAL_SOFTWARE,e1f85a93-10fe-4640-8d2d-358dbe5b6fe7,nvidia_all_merged.jsonl,3419
jsonmapper__jsonmapper-122,Problem_Domain,DEVELOPER_TOOLING | GENERAL_SOFTWARE,GENERAL_SOFTWARE,1,SWE-agent + Qwen,GENERAL_SOFTWARE,1,1,False,GENERAL_SOFTWARE,c002f8eb-5e6c-4e43-9e70-a461635a67fd,nvidia_all_merged.jsonl,3088
kestra-io__kestra-6046,Problem_Domain,CLOUD_DISTRIBUTED_SYSTEM | WEB_APPLICATION,CLOUD_DISTRIBUTED_SYSTEM,1,SWE-agent + Qwen,CLOUD_DISTRIBUTED_SYSTEM,1,1,False,CLOUD_DISTRIBUTED_SYSTEM,585161f5-4f4e-43c3-a79a-9b5f1f3f3598,nvidia_all_merged.jsonl,2896
marpple__fxts-117,Problem_Domain,DEVELOPER_TOOLING | GENERAL_SOFTWARE,GENERAL_SOFTWARE,1,SWE-agent + Qwen,GENERAL_SOFTWARE,1,1,False,GENERAL_SOFTWARE,7cc5a026-a87a-46f5-8e88-8cf0b20abb2f,nvidia_all_merged.jsonl,3260
marpple__fxts-38,Problem_Domain,DEVELOPER_TOOLING | GENERAL_SOFTWARE,GENERAL_SOFTWARE,1,SWE-agent + Qwen,GENERAL_SOFTWARE,1,1,False,GENERAL_SOFTWARE,db5cba5f-048f-498a-8341-b35f207f507e,nvidia_all_merged.jsonl,2888
modin-project__modin-7396,Problem_Domain,DATA_DATABASE_SYSTEM | SCIENTIFIC_COMPUTING,SCIENTIFIC_COMPUTING,4,OpenHands + MiniMax,DATA_DATABASE_SYSTEM | SCIENTIFIC_COMPUTING,1,2,True,DATA_DATABASE_SYSTEM | SCIENTIFIC_COMPUTING,67be145a-b286-4122-9a7c-9ee62b4aeb3c,nvidia_all_merged.jsonl,267
mozilla__nunjucks-1301,Problem_Domain,DEVELOPER_TOOLING | WEB_APPLICATION,DEVELOPER_TOOLING,1,SWE-agent + Qwen,DEVELOPER_TOOLING,1,1,False,DEVELOPER_TOOLING,82cb62c8-e955-489e-8205-1173ed93838e,nvidia_all_merged.jsonl,3429
nanomsg__nng-1190,Problem_Domain,CLOUD_DISTRIBUTED_SYSTEM | GENERAL_SOFTWARE,GENERAL_SOFTWARE,2,SWE-agent + MiniMax,GENERAL_SOFTWARE,1,1,False,GENERAL_SOFTWARE,5255ee16-cb71-47c0-8b46-924f6edb4d2c,nvidia_all_merged.jsonl,2266
niconoe__pyinaturalist-86,Problem_Domain,GENERAL_SOFTWARE | SCIENTIFIC_COMPUTING,GENERAL_SOFTWARE,1,SWE-agent + Qwen,GENERAL_SOFTWARE,1,1,False,GENERAL_SOFTWARE,316e6222-2a25-4893-8267-942fcccdbbca,nvidia_all_merged.jsonl,2822
open-telemetry__opentelemetry-php-1077,Problem_Domain,CLOUD_DISTRIBUTED_SYSTEM | DEVELOPER_TOOLING,CLOUD_DISTRIBUTED_SYSTEM,1,SWE-agent + Qwen,CLOUD_DISTRIBUTED_SYSTEM | DEVELOPER_TOOLING,1,2,True,CLOUD_DISTRIBUTED_SYSTEM | DEVELOPER_TOOLING,0ecccd9c-bb02-4d68-9f9d-949b0cab0853,nvidia_all_merged.jsonl,3405
osbuild__osbuild-composer-709,Problem_Domain,CLOUD_DISTRIBUTED_SYSTEM | DEVELOPER_TOOLING,DEVELOPER_TOOLING,2,SWE-agent + MiniMax,DEVELOPER_TOOLING,1,1,False,DEVELOPER_TOOLING,40759642-54b6-4998-ae4b-90c34ea5fa32,nvidia_all_merged.jsonl,2257
oscal-compass__compliance-trestle-1573,Problem_Domain,DEVELOPER_TOOLING | SECURITY_SOFTWARE,DEVELOPER_TOOLING,2,SWE-agent + MiniMax,DEVELOPER_TOOLING | SECURITY_SOFTWARE,1,2,True,DEVELOPER_TOOLING | SECURITY_SOFTWARE,ad535901-92b9-4e1c-ac29-9f98924d3163,nvidia_all_merged.jsonl,2639
pandas-dev__pandas-55249,Problem_Domain,DATA_DATABASE_SYSTEM | SCIENTIFIC_COMPUTING,SCIENTIFIC_COMPUTING,3,OpenHands + Qwen,SCIENTIFIC_COMPUTING,1,1,False,SCIENTIFIC_COMPUTING,a85a2b4a-9586-479d-ae8b-a16759c7b384,nvidia_all_merged.jsonl,1254
pandas-dev__pandas-60359,Problem_Domain,DATA_DATABASE_SYSTEM | SCIENTIFIC_COMPUTING,SCIENTIFIC_COMPUTING,2,SWE-agent + MiniMax,SCIENTIFIC_COMPUTING,1,1,False,SCIENTIFIC_COMPUTING,44385934-ab6e-40f3-a4b7-c5a9d8cfb51f,nvidia_all_merged.jsonl,2700
pandas-dev__pandas-61577,Problem_Domain,DATA_DATABASE_SYSTEM | SCIENTIFIC_COMPUTING,DATA_DATABASE_SYSTEM,4,OpenHands + MiniMax,DATA_DATABASE_SYSTEM | SCIENTIFIC_COMPUTING,1,2,True,DATA_DATABASE_SYSTEM | SCIENTIFIC_COMPUTING,62bf6afb-2966-4c67-be50-da7ab89c2378,nvidia_all_merged.jsonl,1030
paritytech__parity-common-667,Problem_Domain,DATA_DATABASE_SYSTEM | GENERAL_SOFTWARE,DATA_DATABASE_SYSTEM,1,SWE-agent + Qwen,DATA_DATABASE_SYSTEM,1,1,False,DATA_DATABASE_SYSTEM,e3720444-23ec-40ec-bf5b-23ace9aebfc9,nvidia_all_merged.jsonl,3390
pbiswas101__mathball-131,Problem_Domain,GENERAL_SOFTWARE | SCIENTIFIC_COMPUTING,SCIENTIFIC_COMPUTING,1,SWE-agent + Qwen,SCIENTIFIC_COMPUTING,1,1,False,SCIENTIFIC_COMPUTING,c1cbfe2c-6441-4c9f-9899-b0067ece86d0,nvidia_all_merged.jsonl,2880
pbiswas101__mathball-154,Problem_Domain,GENERAL_SOFTWARE | SCIENTIFIC_COMPUTING,SCIENTIFIC_COMPUTING,1,SWE-agent + Qwen,SCIENTIFIC_COMPUTING,1,1,False,SCIENTIFIC_COMPUTING,8655e601-5760-43b9-9bc5-24eb0fea83bd,nvidia_all_merged.jsonl,2785
pbiswas101__mathball-56,Problem_Domain,GENERAL_SOFTWARE | SCIENTIFIC_COMPUTING,GENERAL_SOFTWARE,1,SWE-agent + Qwen,GENERAL_SOFTWARE,1,1,False,GENERAL_SOFTWARE,eb75c324-cb56-4291-b548-fc6145b25a7c,nvidia_all_merged.jsonl,2890
pbiswas101__mathball-86,Problem_Domain,GENERAL_SOFTWARE | SCIENTIFIC_COMPUTING,GENERAL_SOFTWARE,2,SWE-agent + MiniMax,GENERAL_SOFTWARE,1,1,False,GENERAL_SOFTWARE,a78e6ff9-f397-478c-8896-bb9b1da73dba,nvidia_all_merged.jsonl,1954
pennylaneai__pennylane-1464,Problem_Domain,MACHINE_LEARNING_AI | SCIENTIFIC_COMPUTING,MACHINE_LEARNING_AI,2,SWE-agent + MiniMax,MACHINE_LEARNING_AI,1,1,False,MACHINE_LEARNING_AI,e3fd2e33-56b0-48e8-aa0a-57a4d22c2f7e,nvidia_all_merged.jsonl,2717
pion__ice-34,Problem_Domain,CLOUD_DISTRIBUTED_SYSTEM | GENERAL_SOFTWARE,GENERAL_SOFTWARE,1,SWE-agent + Qwen,GENERAL_SOFTWARE,1,1,False,GENERAL_SOFTWARE,8af87b91-0bc7-4bc3-b308-27b93fc4eb51,nvidia_all_merged.jsonl,2994
planetlabs__gpq-79,Problem_Domain,DEVELOPER_TOOLING | GENERAL_SOFTWARE,GENERAL_SOFTWARE,1,SWE-agent + Qwen,GENERAL_SOFTWARE,1,1,False,GENERAL_SOFTWARE,7401501a-73ae-45a6-b30c-1fbcaaa9e3d3,nvidia_all_merged.jsonl,3159
pmndrs__valtio-177,Problem_Domain,GENERAL_SOFTWARE | WEB_APPLICATION,WEB_APPLICATION,1,SWE-agent + Qwen,WEB_APPLICATION,1,1,False,WEB_APPLICATION,bf13eb13-5ce3-40ff-a3ef-97c309902630,nvidia_all_merged.jsonl,2940
pmndrs__valtio-333,Problem_Domain,GENERAL_SOFTWARE | WEB_APPLICATION,GENERAL_SOFTWARE,1,SWE-agent + Qwen,GENERAL_SOFTWARE,1,1,False,GENERAL_SOFTWARE,86900317-01da-4597-a9eb-5014252c35c9,nvidia_all_merged.jsonl,2810
pmndrs__zustand-603,Problem_Domain,GENERAL_SOFTWARE | WEB_APPLICATION,GENERAL_SOFTWARE,1,SWE-agent + Qwen,GENERAL_SOFTWARE,1,1,False,GENERAL_SOFTWARE,efde64fa-3c69-4e75-bd6d-c3c34b4bffe4,nvidia_all_merged.jsonl,3257
project-copacetic__copacetic-1141,Problem_Domain,CLOUD_DISTRIBUTED_SYSTEM | SECURITY_SOFTWARE,SECURITY_SOFTWARE,1,SWE-agent + Qwen,SECURITY_SOFTWARE,1,1,False,SECURITY_SOFTWARE,fa0c5ee4-f40d-43af-b71a-127e5317266d,nvidia_all_merged.jsonl,3203
projectmirador__mirador-4133,Problem_Domain,GRAPHICS_UI | WEB_APPLICATION,GRAPHICS_UI,2,SWE-agent + MiniMax,GRAPHICS_UI,1,1,False,GRAPHICS_UI,60f8de89-58aa-4c86-8770-88513227a740,nvidia_all_merged.jsonl,2624
pyjanitor-devs__pyjanitor-1029,Problem_Domain,GENERAL_SOFTWARE | SCIENTIFIC_COMPUTING,GENERAL_SOFTWARE,2,SWE-agent + MiniMax,GENERAL_SOFTWARE,1,1,False,GENERAL_SOFTWARE,57eaba38-d315-4787-886b-ab855f3b4be1,nvidia_all_merged.jsonl,2528
pyjanitor-devs__pyjanitor-1112,Problem_Domain,GENERAL_SOFTWARE | SCIENTIFIC_COMPUTING,SCIENTIFIC_COMPUTING,1,SWE-agent + Qwen,GENERAL_SOFTWARE | SCIENTIFIC_COMPUTING,1,2,True,GENERAL_SOFTWARE | SCIENTIFIC_COMPUTING,4d91eca0-3b84-4a27-b174-752c11eb6180,nvidia_all_merged.jsonl,3251
quartiq__minimq-164,Problem_Domain,CLOUD_DISTRIBUTED_SYSTEM | GENERAL_SOFTWARE,GENERAL_SOFTWARE,1,SWE-agent + Qwen,CLOUD_DISTRIBUTED_SYSTEM | GENERAL_SOFTWARE,1,2,True,CLOUD_DISTRIBUTED_SYSTEM | GENERAL_SOFTWARE,b54db6d3-2acd-4e0a-a2b1-69699fe58f9e,nvidia_all_merged.jsonl,3304
rascarlito__axios-cache-adapter-237,Problem_Domain,GENERAL_SOFTWARE | WEB_APPLICATION,WEB_APPLICATION,2,SWE-agent + MiniMax,GENERAL_SOFTWARE | WEB_APPLICATION,1,2,True,GENERAL_SOFTWARE | WEB_APPLICATION,e07ff07b-53db-4f49-a53d-9b767b2918d5,nvidia_all_merged.jsonl,2632
reduxjs__redux-toolkit-943,Problem_Domain,GENERAL_SOFTWARE | WEB_APPLICATION,WEB_APPLICATION,2,SWE-agent + MiniMax,GENERAL_SOFTWARE | WEB_APPLICATION,2,3,False,WEB_APPLICATION,c70eb74a-226f-4a2c-b477-89d51f42b239,nvidia_all_merged.jsonl,2708
ruma__ruma-1109,Problem_Domain,DEVELOPER_TOOLING | GENERAL_SOFTWARE,GENERAL_SOFTWARE,3,OpenHands + Qwen,DEVELOPER_TOOLING | GENERAL_SOFTWARE,1,2,True,DEVELOPER_TOOLING | GENERAL_SOFTWARE,7fdc7eb8-93ca-48aa-8aed-d406133217b7,nvidia_all_merged.jsonl,1312
rust-phf__rust-phf-342,Problem_Domain,DEVELOPER_TOOLING | GENERAL_SOFTWARE,DEVELOPER_TOOLING,2,SWE-agent + MiniMax,DEVELOPER_TOOLING,1,1,False,DEVELOPER_TOOLING,899b5742-0a6f-45ae-9b00-87c097c6a1c5,nvidia_all_merged.jsonl,2336
s-knibbs__dataclasses-jsonschema-78,Problem_Domain,DEVELOPER_TOOLING | GENERAL_SOFTWARE,GENERAL_SOFTWARE,2,SWE-agent + MiniMax,GENERAL_SOFTWARE,2,2,False,GENERAL_SOFTWARE,ea8ab933-db51-4827-8465-45753d30c409,nvidia_all_merged.jsonl,2521
scimmyjs__scimmy-48,Problem_Domain,GENERAL_SOFTWARE | SECURITY_SOFTWARE,SECURITY_SOFTWARE,2,SWE-agent + MiniMax,GENERAL_SOFTWARE | SECURITY_SOFTWARE,1,2,True,GENERAL_SOFTWARE | SECURITY_SOFTWARE,09d3d6e1-ece6-4194-9376-f0a831c7e373,nvidia_all_merged.jsonl,2271
sciunto-org__python-bibtexparser-101,Problem_Domain,DEVELOPER_TOOLING | GENERAL_SOFTWARE,GENERAL_SOFTWARE,2,SWE-agent + MiniMax,DEVELOPER_TOOLING | GENERAL_SOFTWARE,1,2,True,DEVELOPER_TOOLING | GENERAL_SOFTWARE,3a200015-d79c-4742-ab78-26dfd0d4a170,nvidia_all_merged.jsonl,2685
sharkdp__numbat-232,Problem_Domain,DEVELOPER_TOOLING | SCIENTIFIC_COMPUTING,SCIENTIFIC_COMPUTING,2,SWE-agent + MiniMax,DEVELOPER_TOOLING | SCIENTIFIC_COMPUTING,1,2,True,DEVELOPER_TOOLING | SCIENTIFIC_COMPUTING,6dd6a6ec-8f5a-494f-98ba-89f9abf175dd,nvidia_all_merged.jsonl,2662
shepmaster__snafu-361,Problem_Domain,DEVELOPER_TOOLING | GENERAL_SOFTWARE,GENERAL_SOFTWARE,3,OpenHands + Qwen,GENERAL_SOFTWARE,2,2,False,GENERAL_SOFTWARE,e8e2c361-2300-413f-a0a4-47d648a68ba0,nvidia_all_merged.jsonl,1706
sindresorhus__is-97,Problem_Domain,DEVELOPER_TOOLING | GENERAL_SOFTWARE,DEVELOPER_TOOLING,1,SWE-agent + Qwen,DEVELOPER_TOOLING,2,2,False,DEVELOPER_TOOLING,6ff852be-6343-4375-875b-0be1882c2694,nvidia_all_merged.jsonl,3369
stfc__psyclone-3037,Problem_Domain,DEVELOPER_TOOLING | SCIENTIFIC_COMPUTING,DEVELOPER_TOOLING,2,SWE-agent + MiniMax,DEVELOPER_TOOLING | SCIENTIFIC_COMPUTING,1,2,True,DEVELOPER_TOOLING | SCIENTIFIC_COMPUTING,334c2639-010f-41a1-b93d-cb7b078554e5,nvidia_all_merged.jsonl,2493
sunng87__handlebars-rust-461,Problem_Domain,DEVELOPER_TOOLING | GENERAL_SOFTWARE,GENERAL_SOFTWARE,2,SWE-agent + MiniMax,GENERAL_SOFTWARE,1,1,False,GENERAL_SOFTWARE,67cd94a4-7391-49a0-a1ae-9638ca1aba1c,nvidia_all_merged.jsonl,2693
tannerlinsley__react-query-2947,Problem_Domain,DEVELOPER_TOOLING | WEB_APPLICATION,DEVELOPER_TOOLING,1,SWE-agent + Qwen,DEVELOPER_TOOLING | WEB_APPLICATION,1,2,True,DEVELOPER_TOOLING | WEB_APPLICATION,e38cc06f-9c2d-4185-9640-06e8ccc4493d,nvidia_all_merged.jsonl,3164
tetratelabs__wazero-1480,Problem_Domain,DEVELOPER_TOOLING | GENERAL_SOFTWARE,DEVELOPER_TOOLING,2,SWE-agent + MiniMax,DEVELOPER_TOOLING,1,1,False,DEVELOPER_TOOLING,826ecdc2-7613-4e7f-89c0-b074debd96f7,nvidia_all_merged.jsonl,1862
tikv__client-go-942,Problem_Domain,CLOUD_DISTRIBUTED_SYSTEM | DATA_DATABASE_SYSTEM,DATA_DATABASE_SYSTEM,1,SWE-agent + Qwen,DATA_DATABASE_SYSTEM,1,1,False,DATA_DATABASE_SYSTEM,fd525fd1-5dc7-4890-875c-985dc9c654a5,nvidia_all_merged.jsonl,2777
tjtanjin__react-chatbotify-212,Problem_Domain,GRAPHICS_UI | WEB_APPLICATION,GRAPHICS_UI,3,OpenHands + Qwen,GRAPHICS_UI,2,2,False,GRAPHICS_UI,49b3e461-8305-498c-b869-3b0c1584d034,nvidia_all_merged.jsonl,1389
unleash__unleash-client-java-50,Problem_Domain,CLOUD_DISTRIBUTED_SYSTEM | GENERAL_SOFTWARE,GENERAL_SOFTWARE,2,SWE-agent + MiniMax,GENERAL_SOFTWARE,1,1,False,GENERAL_SOFTWARE,8558bc03-c983-40ff-b7c8-586cd094e4dc,nvidia_all_merged.jsonl,2400
vegaprotocol__vegawallet-368,Problem_Domain,DEVELOPER_TOOLING | SECURITY_SOFTWARE,SECURITY_SOFTWARE,1,SWE-agent + Qwen,SECURITY_SOFTWARE,1,1,False,SECURITY_SOFTWARE,335babe6-fbc5-4cbb-9597-588fddf15050,nvidia_all_merged.jsonl,3049
vegaprotocol__vegawallet-423,Problem_Domain,SECURITY_SOFTWARE | WEB_APPLICATION,SECURITY_SOFTWARE,2,SWE-agent + MiniMax,SECURITY_SOFTWARE,1,1,False,SECURITY_SOFTWARE,7b9375d7-8598-4898-b04d-0bb2bb15f435,nvidia_all_merged.jsonl,2144
vgteam__sequencetubemap-346,Problem_Domain,GRAPHICS_UI | WEB_APPLICATION,WEB_APPLICATION,3,OpenHands + Qwen,WEB_APPLICATION,1,1,False,WEB_APPLICATION,18cd387f-e2cd-4e78-af4a-263a5eba76d1,nvidia_all_merged.jsonl,1246
vigetlabs__microcosm-406,Problem_Domain,GENERAL_SOFTWARE | WEB_APPLICATION,GENERAL_SOFTWARE,1,SWE-agent + Qwen,GENERAL_SOFTWARE,1,1,False,GENERAL_SOFTWARE,6e0454df-33fc-4d44-9f9d-ba572a90e47c,nvidia_all_merged.jsonl,3042
vmware-tanzu__carvel-imgpkg-443,Problem_Domain,CLOUD_DISTRIBUTED_SYSTEM | DEVELOPER_TOOLING,DEVELOPER_TOOLING,2,SWE-agent + MiniMax,DEVELOPER_TOOLING,1,1,False,DEVELOPER_TOOLING,ff98e62c-d393-4b10-99c8-39b37284badb,nvidia_all_merged.jsonl,2343
websockets__ws-2160,Problem_Domain,GENERAL_SOFTWARE | WEB_APPLICATION,GENERAL_SOFTWARE,1,SWE-agent + Qwen,GENERAL_SOFTWARE,1,1,False,GENERAL_SOFTWARE,25174bc8-470b-467c-ac7b-570501ba2ad0,nvidia_all_merged.jsonl,3204
yamatoiizuka__palt-typesetting-77,Problem_Domain,GRAPHICS_UI | WEB_APPLICATION,GRAPHICS_UI,2,SWE-agent + MiniMax,GRAPHICS_UI | WEB_APPLICATION,1,2,True,GRAPHICS_UI | WEB_APPLICATION,086fcbb5-4ad8-4e5a-a3d1-a0b21e71e031,nvidia_all_merged.jsonl,2174
yoctol__bottender-572,Problem_Domain,DEVELOPER_TOOLING | WEB_APPLICATION,WEB_APPLICATION,4,OpenHands + MiniMax,DEVELOPER_TOOLING | WEB_APPLICATION,1,2,True,DEVELOPER_TOOLING | WEB_APPLICATION,8e00e911-c42e-4dce-9dae-13e2f3e4ed6e,nvidia_all_merged.jsonl,933
yonahd__kor-324,Problem_Domain,CLOUD_DISTRIBUTED_SYSTEM | DEVELOPER_TOOLING,DEVELOPER_TOOLING,2,SWE-agent + MiniMax,DEVELOPER_TOOLING,1,1,False,DEVELOPER_TOOLING,c22ff294-69fe-43ec-a855-6fc74418c20b,nvidia_all_merged.jsonl,1991
zhiburt__tabled-34,Problem_Domain,DEVELOPER_TOOLING | GENERAL_SOFTWARE,GENERAL_SOFTWARE,1,SWE-agent + Qwen,GENERAL_SOFTWARE,1,1,False,GENERAL_SOFTWARE,bb49dc8d-2e52-4f50-a724-005216929708,nvidia_all_merged.jsonl,3218
